Input,Output,ObservedProb,ExpectedProb
neop-a,neopa,0.0,0.07578665563187091
neop-a,neowa,1.0,0.8942192602133813
neop-a,neola,0.0,0.014997042077373927
neop-a,neoa,0.0,0.014997042077373927
neop-ta,neopta,1.0,0.9744296627720058
neop-ta,neowta,0.0,0.024740486792101255
neop-ta,neolta,0.0,0.00041492521794634474
neop-ta,neota,0.0,0.00041492521794634474
neop-e,neope,0.0,0.07578665563187091
neop-e,neowe,1.0,0.8942192602133813
neop-e,neole,0.0,0.014997042077373927
neop-e,neoe,0.0,0.014997042077373927
neop-te,neopte,1.0,0.9744296627720058
neop-te,neowte,0.0,0.024740486792101255
neop-te,neolte,0.0,0.00041492521794634474
neop-te,neote,0.0,0.00041492521794634474
neop-i,neopi,0.0,0.07578665563187091
neop-i,neowi,1.0,0.8942192602133813
neop-i,neoli,0.0,0.014997042077373927
neop-i,neoi,0.0,0.014997042077373927
neop-ti,neopti,1.0,0.9744296627720058
neop-ti,neowti,0.0,0.024740486792101255
neop-ti,neolti,0.0,0.00041492521794634474
neop-ti,neoti,0.0,0.00041492521794634474
neop-o,neopo,0.0,0.07578665563187091
neop-o,neowo,1.0,0.8942192602133813
neop-o,neolo,0.0,0.014997042077373927
neop-o,neoo,0.0,0.014997042077373927
neop-to,neopto,1.0,0.9744296627720058
neop-to,neowto,0.0,0.024740486792101255
neop-to,neolto,0.0,0.00041492521794634474
neop-to,neoto,0.0,0.00041492521794634474
ppaep-a,ppaepa,0.0,0.07578665563187091
ppaep-a,ppaewa,1.0,0.8942192602133813
ppaep-a,ppaela,0.0,0.014997042077373927
ppaep-a,ppaea,0.0,0.014997042077373927
ppaep-ta,ppaepta,1.0,0.9744296627720058
ppaep-ta,ppaewta,0.0,0.024740486792101255
ppaep-ta,ppaelta,0.0,0.00041492521794634474
ppaep-ta,ppaeta,0.0,0.00041492521794634474
ppaep-e,ppaepe,0.0,0.07578665563187091
ppaep-e,ppaewe,1.0,0.8942192602133813
ppaep-e,ppaele,0.0,0.014997042077373927
ppaep-e,ppaee,0.0,0.014997042077373927
ppaep-te,ppaepte,1.0,0.9744296627720058
ppaep-te,ppaewte,0.0,0.024740486792101255
ppaep-te,ppaelte,0.0,0.00041492521794634474
ppaep-te,ppaete,0.0,0.00041492521794634474
ppaep-i,ppaepi,0.0,0.07578665563187091
ppaep-i,ppaewi,1.0,0.8942192602133813
ppaep-i,ppaeli,0.0,0.014997042077373927
ppaep-i,ppaei,0.0,0.014997042077373927
ppaep-ti,ppaepti,1.0,0.9744296627720058
ppaep-ti,ppaewti,0.0,0.024740486792101255
ppaep-ti,ppaelti,0.0,0.00041492521794634474
ppaep-ti,ppaeti,0.0,0.00041492521794634474
ppaep-o,ppaepo,0.0,0.07578665563187091
ppaep-o,ppaewo,1.0,0.8942192602133813
ppaep-o,ppaelo,0.0,0.014997042077373927
ppaep-o,ppaeo,0.0,0.014997042077373927
ppaep-to,ppaepto,1.0,0.9744296627720058
ppaep-to,ppaewto,0.0,0.024740486792101255
ppaep-to,ppaelto,0.0,0.00041492521794634474
ppaep-to,ppaeto,0.0,0.00041492521794634474
sep-a,sepa,0.0,0.07578665563187091
sep-a,sewa,1.0,0.8942192602133813
sep-a,sela,0.0,0.014997042077373927
sep-a,sea,0.0,0.014997042077373927
sep-ta,septa,1.0,0.9744296627720058
sep-ta,sewta,0.0,0.024740486792101255
sep-ta,selta,0.0,0.00041492521794634474
sep-ta,seta,0.0,0.00041492521794634474
sep-e,sepe,0.0,0.07578665563187091
sep-e,sewe,1.0,0.8942192602133813
sep-e,sele,0.0,0.014997042077373927
sep-e,see,0.0,0.014997042077373927
sep-te,septe,1.0,0.9744296627720058
sep-te,sewte,0.0,0.024740486792101255
sep-te,selte,0.0,0.00041492521794634474
sep-te,sete,0.0,0.00041492521794634474
sep-i,sepi,0.0,0.07578665563187091
sep-i,sewi,1.0,0.8942192602133813
sep-i,seli,0.0,0.014997042077373927
sep-i,sei,0.0,0.014997042077373927
sep-ti,septi,1.0,0.9744296627720058
sep-ti,sewti,0.0,0.024740486792101255
sep-ti,selti,0.0,0.00041492521794634474
sep-ti,seti,0.0,0.00041492521794634474
sep-o,sepo,0.0,0.07578665563187091
sep-o,sewo,1.0,0.8942192602133813
sep-o,selo,0.0,0.014997042077373927
sep-o,seo,0.0,0.014997042077373927
sep-to,septo,1.0,0.9744296627720058
sep-to,sewto,0.0,0.024740486792101255
sep-to,selto,0.0,0.00041492521794634474
sep-to,seto,0.0,0.00041492521794634474
ssep-a,ssepa,0.0,0.07578665563187091
ssep-a,ssewa,1.0,0.8942192602133813
ssep-a,ssela,0.0,0.014997042077373927
ssep-a,ssea,0.0,0.014997042077373927
ssep-ta,ssepta,1.0,0.9744296627720058
ssep-ta,ssewta,0.0,0.024740486792101255
ssep-ta,sselta,0.0,0.00041492521794634474
ssep-ta,sseta,0.0,0.00041492521794634474
ssep-e,ssepe,0.0,0.07578665563187091
ssep-e,ssewe,1.0,0.8942192602133813
ssep-e,ssele,0.0,0.014997042077373927
ssep-e,ssee,0.0,0.014997042077373927
ssep-te,ssepte,1.0,0.9744296627720058
ssep-te,ssewte,0.0,0.024740486792101255
ssep-te,sselte,0.0,0.00041492521794634474
ssep-te,ssete,0.0,0.00041492521794634474
ssep-i,ssepi,0.0,0.07578665563187091
ssep-i,ssewi,1.0,0.8942192602133813
ssep-i,sseli,0.0,0.014997042077373927
ssep-i,ssei,0.0,0.014997042077373927
ssep-ti,ssepti,1.0,0.9744296627720058
ssep-ti,ssewti,0.0,0.024740486792101255
ssep-ti,sselti,0.0,0.00041492521794634474
ssep-ti,sseti,0.0,0.00041492521794634474
ssep-o,ssepo,0.0,0.07578665563187091
ssep-o,ssewo,1.0,0.8942192602133813
ssep-o,sselo,0.0,0.014997042077373927
ssep-o,sseo,0.0,0.014997042077373927
ssep-to,ssepto,1.0,0.9744296627720058
ssep-to,ssewto,0.0,0.024740486792101255
ssep-to,sselto,0.0,0.00041492521794634474
ssep-to,sseto,0.0,0.00041492521794634474
gop-a,gopa,0.0,0.07578665563187091
gop-a,gowa,1.0,0.8942192602133813
gop-a,gola,0.0,0.014997042077373927
gop-a,goa,0.0,0.014997042077373927
gop-ta,gopta,1.0,0.9744296627720058
gop-ta,gowta,0.0,0.024740486792101255
gop-ta,golta,0.0,0.00041492521794634474
gop-ta,gota,0.0,0.00041492521794634474
gop-e,gope,0.0,0.07578665563187091
gop-e,gowe,1.0,0.8942192602133813
gop-e,gole,0.0,0.014997042077373927
gop-e,goe,0.0,0.014997042077373927
gop-te,gopte,1.0,0.9744296627720058
gop-te,gowte,0.0,0.024740486792101255
gop-te,golte,0.0,0.00041492521794634474
gop-te,gote,0.0,0.00041492521794634474
gop-i,gopi,0.0,0.07578665563187091
gop-i,gowi,1.0,0.8942192602133813
gop-i,goli,0.0,0.014997042077373927
gop-i,goi,0.0,0.014997042077373927
gop-ti,gopti,1.0,0.9744296627720058
gop-ti,gowti,0.0,0.024740486792101255
gop-ti,golti,0.0,0.00041492521794634474
gop-ti,goti,0.0,0.00041492521794634474
gop-o,gopo,0.0,0.07578665563187091
gop-o,gowo,1.0,0.8942192602133813
gop-o,golo,0.0,0.014997042077373927
gop-o,goo,0.0,0.014997042077373927
gop-to,gopto,1.0,0.9744296627720058
gop-to,gowto,0.0,0.024740486792101255
gop-to,golto,0.0,0.00041492521794634474
gop-to,goto,0.0,0.00041492521794634474
bwip-a,bwipa,0.0,0.07578665563187091
bwip-a,bwiwa,1.0,0.8942192602133813
bwip-a,bwila,0.0,0.014997042077373927
bwip-a,bwia,0.0,0.014997042077373927
bwip-ta,bwipta,1.0,0.9744296627720058
bwip-ta,bwiwta,0.0,0.024740486792101255
bwip-ta,bwilta,0.0,0.00041492521794634474
bwip-ta,bwita,0.0,0.00041492521794634474
bwip-e,bwipe,0.0,0.07578665563187091
bwip-e,bwiwe,1.0,0.8942192602133813
bwip-e,bwile,0.0,0.014997042077373927
bwip-e,bwie,0.0,0.014997042077373927
bwip-te,bwipte,1.0,0.9744296627720058
bwip-te,bwiwte,0.0,0.024740486792101255
bwip-te,bwilte,0.0,0.00041492521794634474
bwip-te,bwite,0.0,0.00041492521794634474
bwip-i,bwipi,0.0,0.07578665563187091
bwip-i,bwiwi,1.0,0.8942192602133813
bwip-i,bwili,0.0,0.014997042077373927
bwip-i,bwii,0.0,0.014997042077373927
bwip-ti,bwipti,1.0,0.9744296627720058
bwip-ti,bwiwti,0.0,0.024740486792101255
bwip-ti,bwilti,0.0,0.00041492521794634474
bwip-ti,bwiti,0.0,0.00041492521794634474
bwip-o,bwipo,0.0,0.07578665563187091
bwip-o,bwiwo,1.0,0.8942192602133813
bwip-o,bwilo,0.0,0.014997042077373927
bwip-o,bwio,0.0,0.014997042077373927
bwip-to,bwipto,1.0,0.9744296627720058
bwip-to,bwiwto,0.0,0.024740486792101255
bwip-to,bwilto,0.0,0.00041492521794634474
bwip-to,bwito,0.0,0.00041492521794634474
seup-a,seupa,0.0,0.07578665563187091
seup-a,seuwa,1.0,0.8942192602133813
seup-a,seula,0.0,0.014997042077373927
seup-a,seua,0.0,0.014997042077373927
seup-ta,seupta,1.0,0.9744296627720058
seup-ta,seuwta,0.0,0.024740486792101255
seup-ta,seulta,0.0,0.00041492521794634474
seup-ta,seuta,0.0,0.00041492521794634474
seup-e,seupe,0.0,0.07578665563187091
seup-e,seuwe,1.0,0.8942192602133813
seup-e,seule,0.0,0.014997042077373927
seup-e,seue,0.0,0.014997042077373927
seup-te,seupte,1.0,0.9744296627720058
seup-te,seuwte,0.0,0.024740486792101255
seup-te,seulte,0.0,0.00041492521794634474
seup-te,seute,0.0,0.00041492521794634474
seup-i,seupi,0.0,0.07578665563187091
seup-i,seuwi,1.0,0.8942192602133813
seup-i,seuli,0.0,0.014997042077373927
seup-i,seui,0.0,0.014997042077373927
seup-ti,seupti,1.0,0.9744296627720058
seup-ti,seuwti,0.0,0.024740486792101255
seup-ti,seulti,0.0,0.00041492521794634474
seup-ti,seuti,0.0,0.00041492521794634474
seup-o,seupo,0.0,0.07578665563187091
seup-o,seuwo,1.0,0.8942192602133813
seup-o,seulo,0.0,0.014997042077373927
seup-o,seuo,0.0,0.014997042077373927
seup-to,seupto,1.0,0.9744296627720058
seup-to,seuwto,0.0,0.024740486792101255
seup-to,seulto,0.0,0.00041492521794634474
seup-to,seuto,0.0,0.00041492521794634474
dep-a,depa,0.0,0.07578665563187091
dep-a,dewa,1.0,0.8942192602133813
dep-a,dela,0.0,0.014997042077373927
dep-a,dea,0.0,0.014997042077373927
dep-ta,depta,1.0,0.9744296627720058
dep-ta,dewta,0.0,0.024740486792101255
dep-ta,delta,0.0,0.00041492521794634474
dep-ta,deta,0.0,0.00041492521794634474
dep-e,depe,0.0,0.07578665563187091
dep-e,dewe,1.0,0.8942192602133813
dep-e,dele,0.0,0.014997042077373927
dep-e,dee,0.0,0.014997042077373927
dep-te,depte,1.0,0.9744296627720058
dep-te,dewte,0.0,0.024740486792101255
dep-te,delte,0.0,0.00041492521794634474
dep-te,dete,0.0,0.00041492521794634474
dep-i,depi,0.0,0.07578665563187091
dep-i,dewi,1.0,0.8942192602133813
dep-i,deli,0.0,0.014997042077373927
dep-i,dei,0.0,0.014997042077373927
dep-ti,depti,1.0,0.9744296627720058
dep-ti,dewti,0.0,0.024740486792101255
dep-ti,delti,0.0,0.00041492521794634474
dep-ti,deti,0.0,0.00041492521794634474
dep-o,depo,0.0,0.07578665563187091
dep-o,dewo,1.0,0.8942192602133813
dep-o,delo,0.0,0.014997042077373927
dep-o,deo,0.0,0.014997042077373927
dep-to,depto,1.0,0.9744296627720058
dep-to,dewto,0.0,0.024740486792101255
dep-to,delto,0.0,0.00041492521794634474
dep-to,deto,0.0,0.00041492521794634474
dop-a,dopa,0.0,0.07578665563187091
dop-a,dowa,1.0,0.8942192602133813
dop-a,dola,0.0,0.014997042077373927
dop-a,doa,0.0,0.014997042077373927
dop-ta,dopta,1.0,0.9744296627720058
dop-ta,dowta,0.0,0.024740486792101255
dop-ta,dolta,0.0,0.00041492521794634474
dop-ta,dota,0.0,0.00041492521794634474
dop-e,dope,0.0,0.07578665563187091
dop-e,dowe,1.0,0.8942192602133813
dop-e,dole,0.0,0.014997042077373927
dop-e,doe,0.0,0.014997042077373927
dop-te,dopte,1.0,0.9744296627720058
dop-te,dowte,0.0,0.024740486792101255
dop-te,dolte,0.0,0.00041492521794634474
dop-te,dote,0.0,0.00041492521794634474
dop-i,dopi,0.0,0.07578665563187091
dop-i,dowi,1.0,0.8942192602133813
dop-i,doli,0.0,0.014997042077373927
dop-i,doi,0.0,0.014997042077373927
dop-ti,dopti,1.0,0.9744296627720058
dop-ti,dowti,0.0,0.024740486792101255
dop-ti,dolti,0.0,0.00041492521794634474
dop-ti,doti,0.0,0.00041492521794634474
dop-o,dopo,0.0,0.07578665563187091
dop-o,dowo,1.0,0.8942192602133813
dop-o,dolo,0.0,0.014997042077373927
dop-o,doo,0.0,0.014997042077373927
dop-to,dopto,1.0,0.9744296627720058
dop-to,dowto,0.0,0.024740486792101255
dop-to,dolto,0.0,0.00041492521794634474
dop-to,doto,0.0,0.00041492521794634474
baep-a,baepa,0.0,0.07578665563187091
baep-a,baewa,1.0,0.8942192602133813
baep-a,baela,0.0,0.014997042077373927
baep-a,baea,0.0,0.014997042077373927
baep-ta,baepta,1.0,0.9744296627720058
baep-ta,baewta,0.0,0.024740486792101255
baep-ta,baelta,0.0,0.00041492521794634474
baep-ta,baeta,0.0,0.00041492521794634474
baep-e,baepe,0.0,0.07578665563187091
baep-e,baewe,1.0,0.8942192602133813
baep-e,baele,0.0,0.014997042077373927
baep-e,baee,0.0,0.014997042077373927
baep-te,baepte,1.0,0.9744296627720058
baep-te,baewte,0.0,0.024740486792101255
baep-te,baelte,0.0,0.00041492521794634474
baep-te,baete,0.0,0.00041492521794634474
baep-i,baepi,0.0,0.07578665563187091
baep-i,baewi,1.0,0.8942192602133813
baep-i,baeli,0.0,0.014997042077373927
baep-i,baei,0.0,0.014997042077373927
baep-ti,baepti,1.0,0.9744296627720058
baep-ti,baewti,0.0,0.024740486792101255
baep-ti,baelti,0.0,0.00041492521794634474
baep-ti,baeti,0.0,0.00041492521794634474
baep-o,baepo,0.0,0.07578665563187091
baep-o,baewo,1.0,0.8942192602133813
baep-o,baelo,0.0,0.014997042077373927
baep-o,baeo,0.0,0.014997042077373927
baep-to,baepto,1.0,0.9744296627720058
baep-to,baewto,0.0,0.024740486792101255
baep-to,baelto,0.0,0.00041492521794634474
baep-to,baeto,0.0,0.00041492521794634474
nep-a,nepa,0.0,0.07578665563187091
nep-a,newa,1.0,0.8942192602133813
nep-a,nela,0.0,0.014997042077373927
nep-a,nea,0.0,0.014997042077373927
nep-ta,nepta,1.0,0.9744296627720058
nep-ta,newta,0.0,0.024740486792101255
nep-ta,nelta,0.0,0.00041492521794634474
nep-ta,neta,0.0,0.00041492521794634474
nep-e,nepe,0.0,0.07578665563187091
nep-e,newe,1.0,0.8942192602133813
nep-e,nele,0.0,0.014997042077373927
nep-e,nee,0.0,0.014997042077373927
nep-te,nepte,1.0,0.9744296627720058
nep-te,newte,0.0,0.024740486792101255
nep-te,nelte,0.0,0.00041492521794634474
nep-te,nete,0.0,0.00041492521794634474
nep-i,nepi,0.0,0.07578665563187091
nep-i,newi,1.0,0.8942192602133813
nep-i,neli,0.0,0.014997042077373927
nep-i,nei,0.0,0.014997042077373927
nep-ti,nepti,1.0,0.9744296627720058
nep-ti,newti,0.0,0.024740486792101255
nep-ti,nelti,0.0,0.00041492521794634474
nep-ti,neti,0.0,0.00041492521794634474
nep-o,nepo,0.0,0.07578665563187091
nep-o,newo,1.0,0.8942192602133813
nep-o,nelo,0.0,0.014997042077373927
nep-o,neo,0.0,0.014997042077373927
nep-to,nepto,1.0,0.9744296627720058
nep-to,newto,0.0,0.024740486792101255
nep-to,nelto,0.0,0.00041492521794634474
nep-to,neto,0.0,0.00041492521794634474
kkeup-a,kkeupa,0.0,0.07578665563187091
kkeup-a,kkeuwa,1.0,0.8942192602133813
kkeup-a,kkeula,0.0,0.014997042077373927
kkeup-a,kkeua,0.0,0.014997042077373927
kkeup-ta,kkeupta,1.0,0.9744296627720058
kkeup-ta,kkeuwta,0.0,0.024740486792101255
kkeup-ta,kkeulta,0.0,0.00041492521794634474
kkeup-ta,kkeuta,0.0,0.00041492521794634474
kkeup-e,kkeupe,0.0,0.07578665563187091
kkeup-e,kkeuwe,1.0,0.8942192602133813
kkeup-e,kkeule,0.0,0.014997042077373927
kkeup-e,kkeue,0.0,0.014997042077373927
kkeup-te,kkeupte,1.0,0.9744296627720058
kkeup-te,kkeuwte,0.0,0.024740486792101255
kkeup-te,kkeulte,0.0,0.00041492521794634474
kkeup-te,kkeute,0.0,0.00041492521794634474
kkeup-i,kkeupi,0.0,0.07578665563187091
kkeup-i,kkeuwi,1.0,0.8942192602133813
kkeup-i,kkeuli,0.0,0.014997042077373927
kkeup-i,kkeui,0.0,0.014997042077373927
kkeup-ti,kkeupti,1.0,0.9744296627720058
kkeup-ti,kkeuwti,0.0,0.024740486792101255
kkeup-ti,kkeulti,0.0,0.00041492521794634474
kkeup-ti,kkeuti,0.0,0.00041492521794634474
kkeup-o,kkeupo,0.0,0.07578665563187091
kkeup-o,kkeuwo,1.0,0.8942192602133813
kkeup-o,kkeulo,0.0,0.014997042077373927
kkeup-o,kkeuo,0.0,0.014997042077373927
kkeup-to,kkeupto,1.0,0.9744296627720058
kkeup-to,kkeuwto,0.0,0.024740486792101255
kkeup-to,kkeulto,0.0,0.00041492521794634474
kkeup-to,kkeuto,0.0,0.00041492521794634474
moep-a,moepa,0.0,0.07578665563187091
moep-a,moewa,1.0,0.8942192602133813
moep-a,moela,0.0,0.014997042077373927
moep-a,moea,0.0,0.014997042077373927
moep-ta,moepta,1.0,0.9744296627720058
moep-ta,moewta,0.0,0.024740486792101255
moep-ta,moelta,0.0,0.00041492521794634474
moep-ta,moeta,0.0,0.00041492521794634474
moep-e,moepe,0.0,0.07578665563187091
moep-e,moewe,1.0,0.8942192602133813
moep-e,moele,0.0,0.014997042077373927
moep-e,moee,0.0,0.014997042077373927
moep-te,moepte,1.0,0.9744296627720058
moep-te,moewte,0.0,0.024740486792101255
moep-te,moelte,0.0,0.00041492521794634474
moep-te,moete,0.0,0.00041492521794634474
moep-i,moepi,0.0,0.07578665563187091
moep-i,moewi,1.0,0.8942192602133813
moep-i,moeli,0.0,0.014997042077373927
moep-i,moei,0.0,0.014997042077373927
moep-ti,moepti,1.0,0.9744296627720058
moep-ti,moewti,0.0,0.024740486792101255
moep-ti,moelti,0.0,0.00041492521794634474
moep-ti,moeti,0.0,0.00041492521794634474
moep-o,moepo,0.0,0.07578665563187091
moep-o,moewo,1.0,0.8942192602133813
moep-o,moelo,0.0,0.014997042077373927
moep-o,moeo,0.0,0.014997042077373927
moep-to,moepto,1.0,0.9744296627720058
moep-to,moewto,0.0,0.024740486792101255
moep-to,moelto,0.0,0.00041492521794634474
moep-to,moeto,0.0,0.00041492521794634474
kkip-a,kkipa,0.0,0.07578665563187091
kkip-a,kkiwa,1.0,0.8942192602133813
kkip-a,kkila,0.0,0.014997042077373927
kkip-a,kkia,0.0,0.014997042077373927
kkip-ta,kkipta,1.0,0.9744296627720058
kkip-ta,kkiwta,0.0,0.024740486792101255
kkip-ta,kkilta,0.0,0.00041492521794634474
kkip-ta,kkita,0.0,0.00041492521794634474
kkip-e,kkipe,0.0,0.07578665563187091
kkip-e,kkiwe,1.0,0.8942192602133813
kkip-e,kkile,0.0,0.014997042077373927
kkip-e,kkie,0.0,0.014997042077373927
kkip-te,kkipte,1.0,0.9744296627720058
kkip-te,kkiwte,0.0,0.024740486792101255
kkip-te,kkilte,0.0,0.00041492521794634474
kkip-te,kkite,0.0,0.00041492521794634474
kkip-i,kkipi,0.0,0.07578665563187091
kkip-i,kkiwi,1.0,0.8942192602133813
kkip-i,kkili,0.0,0.014997042077373927
kkip-i,kkii,0.0,0.014997042077373927
kkip-ti,kkipti,1.0,0.9744296627720058
kkip-ti,kkiwti,0.0,0.024740486792101255
kkip-ti,kkilti,0.0,0.00041492521794634474
kkip-ti,kkiti,0.0,0.00041492521794634474
kkip-o,kkipo,0.0,0.07578665563187091
kkip-o,kkiwo,1.0,0.8942192602133813
kkip-o,kkilo,0.0,0.014997042077373927
kkip-o,kkio,0.0,0.014997042077373927
kkip-to,kkipto,1.0,0.9744296627720058
kkip-to,kkiwto,0.0,0.024740486792101255
kkip-to,kkilto,0.0,0.00041492521794634474
kkip-to,kkito,0.0,0.00041492521794634474
kkop-a,kkopa,0.0,0.07578665563187091
kkop-a,kkowa,1.0,0.8942192602133813
kkop-a,kkola,0.0,0.014997042077373927
kkop-a,kkoa,0.0,0.014997042077373927
kkop-ta,kkopta,1.0,0.9744296627720058
kkop-ta,kkowta,0.0,0.024740486792101255
kkop-ta,kkolta,0.0,0.00041492521794634474
kkop-ta,kkota,0.0,0.00041492521794634474
kkop-e,kkope,0.0,0.07578665563187091
kkop-e,kkowe,1.0,0.8942192602133813
kkop-e,kkole,0.0,0.014997042077373927
kkop-e,kkoe,0.0,0.014997042077373927
kkop-te,kkopte,1.0,0.9744296627720058
kkop-te,kkowte,0.0,0.024740486792101255
kkop-te,kkolte,0.0,0.00041492521794634474
kkop-te,kkote,0.0,0.00041492521794634474
kkop-i,kkopi,0.0,0.07578665563187091
kkop-i,kkowi,1.0,0.8942192602133813
kkop-i,kkoli,0.0,0.014997042077373927
kkop-i,kkoi,0.0,0.014997042077373927
kkop-ti,kkopti,1.0,0.9744296627720058
kkop-ti,kkowti,0.0,0.024740486792101255
kkop-ti,kkolti,0.0,0.00041492521794634474
kkop-ti,kkoti,0.0,0.00041492521794634474
kkop-o,kkopo,0.0,0.07578665563187091
kkop-o,kkowo,1.0,0.8942192602133813
kkop-o,kkolo,0.0,0.014997042077373927
kkop-o,kkoo,0.0,0.014997042077373927
kkop-to,kkopto,1.0,0.9744296627720058
kkop-to,kkowto,0.0,0.024740486792101255
kkop-to,kkolto,0.0,0.00041492521794634474
kkop-to,kkoto,0.0,0.00041492521794634474
ssaep-a,ssaepa,0.0,0.07578665563187091
ssaep-a,ssaewa,1.0,0.8942192602133813
ssaep-a,ssaela,0.0,0.014997042077373927
ssaep-a,ssaea,0.0,0.014997042077373927
ssaep-ta,ssaepta,1.0,0.9744296627720058
ssaep-ta,ssaewta,0.0,0.024740486792101255
ssaep-ta,ssaelta,0.0,0.00041492521794634474
ssaep-ta,ssaeta,0.0,0.00041492521794634474
ssaep-e,ssaepe,0.0,0.07578665563187091
ssaep-e,ssaewe,1.0,0.8942192602133813
ssaep-e,ssaele,0.0,0.014997042077373927
ssaep-e,ssaee,0.0,0.014997042077373927
ssaep-te,ssaepte,1.0,0.9744296627720058
ssaep-te,ssaewte,0.0,0.024740486792101255
ssaep-te,ssaelte,0.0,0.00041492521794634474
ssaep-te,ssaete,0.0,0.00041492521794634474
ssaep-i,ssaepi,0.0,0.07578665563187091
ssaep-i,ssaewi,1.0,0.8942192602133813
ssaep-i,ssaeli,0.0,0.014997042077373927
ssaep-i,ssaei,0.0,0.014997042077373927
ssaep-ti,ssaepti,1.0,0.9744296627720058
ssaep-ti,ssaewti,0.0,0.024740486792101255
ssaep-ti,ssaelti,0.0,0.00041492521794634474
ssaep-ti,ssaeti,0.0,0.00041492521794634474
ssaep-o,ssaepo,0.0,0.07578665563187091
ssaep-o,ssaewo,1.0,0.8942192602133813
ssaep-o,ssaelo,0.0,0.014997042077373927
ssaep-o,ssaeo,0.0,0.014997042077373927
ssaep-to,ssaepto,1.0,0.9744296627720058
ssaep-to,ssaewto,0.0,0.024740486792101255
ssaep-to,ssaelto,0.0,0.00041492521794634474
ssaep-to,ssaeto,0.0,0.00041492521794634474
chap-a,chapa,0.0,0.07578665563187091
chap-a,chawa,1.0,0.8942192602133813
chap-a,chala,0.0,0.014997042077373927
chap-a,chaa,0.0,0.014997042077373927
chap-ta,chapta,1.0,0.9744296627720058
chap-ta,chawta,0.0,0.024740486792101255
chap-ta,chalta,0.0,0.00041492521794634474
chap-ta,chata,0.0,0.00041492521794634474
chap-e,chape,0.0,0.07578665563187091
chap-e,chawe,1.0,0.8942192602133813
chap-e,chale,0.0,0.014997042077373927
chap-e,chae,0.0,0.014997042077373927
chap-te,chapte,1.0,0.9744296627720058
chap-te,chawte,0.0,0.024740486792101255
chap-te,chalte,0.0,0.00041492521794634474
chap-te,chate,0.0,0.00041492521794634474
chap-i,chapi,0.0,0.07578665563187091
chap-i,chawi,1.0,0.8942192602133813
chap-i,chali,0.0,0.014997042077373927
chap-i,chai,0.0,0.014997042077373927
chap-ti,chapti,1.0,0.9744296627720058
chap-ti,chawti,0.0,0.024740486792101255
chap-ti,chalti,0.0,0.00041492521794634474
chap-ti,chati,0.0,0.00041492521794634474
chap-o,chapo,0.0,0.07578665563187091
chap-o,chawo,1.0,0.8942192602133813
chap-o,chalo,0.0,0.014997042077373927
chap-o,chao,0.0,0.014997042077373927
chap-to,chapto,1.0,0.9744296627720058
chap-to,chawto,0.0,0.024740486792101255
chap-to,chalto,0.0,0.00041492521794634474
chap-to,chato,0.0,0.00041492521794634474
rep-a,repa,0.0,0.07578665563187091
rep-a,rewa,1.0,0.8942192602133813
rep-a,rela,0.0,0.014997042077373927
rep-a,rea,0.0,0.014997042077373927
rep-ta,repta,1.0,0.9744296627720058
rep-ta,rewta,0.0,0.024740486792101255
rep-ta,relta,0.0,0.00041492521794634474
rep-ta,reta,0.0,0.00041492521794634474
rep-e,repe,0.0,0.07578665563187091
rep-e,rewe,1.0,0.8942192602133813
rep-e,rele,0.0,0.014997042077373927
rep-e,ree,0.0,0.014997042077373927
rep-te,repte,1.0,0.9744296627720058
rep-te,rewte,0.0,0.024740486792101255
rep-te,relte,0.0,0.00041492521794634474
rep-te,rete,0.0,0.00041492521794634474
rep-i,repi,0.0,0.07578665563187091
rep-i,rewi,1.0,0.8942192602133813
rep-i,reli,0.0,0.014997042077373927
rep-i,rei,0.0,0.014997042077373927
rep-ti,repti,1.0,0.9744296627720058
rep-ti,rewti,0.0,0.024740486792101255
rep-ti,relti,0.0,0.00041492521794634474
rep-ti,reti,0.0,0.00041492521794634474
rep-o,repo,0.0,0.07578665563187091
rep-o,rewo,1.0,0.8942192602133813
rep-o,relo,0.0,0.014997042077373927
rep-o,reo,0.0,0.014997042077373927
rep-to,repto,1.0,0.9744296627720058
rep-to,rewto,0.0,0.024740486792101255
rep-to,relto,0.0,0.00041492521794634474
rep-to,reto,0.0,0.00041492521794634474
kop-a,kopa,0.0,0.07578665563187091
kop-a,kowa,1.0,0.8942192602133813
kop-a,kola,0.0,0.014997042077373927
kop-a,koa,0.0,0.014997042077373927
kop-ta,kopta,1.0,0.9744296627720058
kop-ta,kowta,0.0,0.024740486792101255
kop-ta,kolta,0.0,0.00041492521794634474
kop-ta,kota,0.0,0.00041492521794634474
kop-e,kope,0.0,0.07578665563187091
kop-e,kowe,1.0,0.8942192602133813
kop-e,kole,0.0,0.014997042077373927
kop-e,koe,0.0,0.014997042077373927
kop-te,kopte,1.0,0.9744296627720058
kop-te,kowte,0.0,0.024740486792101255
kop-te,kolte,0.0,0.00041492521794634474
kop-te,kote,0.0,0.00041492521794634474
kop-i,kopi,0.0,0.07578665563187091
kop-i,kowi,1.0,0.8942192602133813
kop-i,koli,0.0,0.014997042077373927
kop-i,koi,0.0,0.014997042077373927
kop-ti,kopti,1.0,0.9744296627720058
kop-ti,kowti,0.0,0.024740486792101255
kop-ti,kolti,0.0,0.00041492521794634474
kop-ti,koti,0.0,0.00041492521794634474
kop-o,kopo,0.0,0.07578665563187091
kop-o,kowo,1.0,0.8942192602133813
kop-o,kolo,0.0,0.014997042077373927
kop-o,koo,0.0,0.014997042077373927
kop-to,kopto,1.0,0.9744296627720058
kop-to,kowto,0.0,0.024740486792101255
kop-to,kolto,0.0,0.00041492521794634474
kop-to,koto,0.0,0.00041492521794634474
teup-a,teupa,0.0,0.07578665563187091
teup-a,teuwa,1.0,0.8942192602133813
teup-a,teula,0.0,0.014997042077373927
teup-a,teua,0.0,0.014997042077373927
teup-ta,teupta,1.0,0.9744296627720058
teup-ta,teuwta,0.0,0.024740486792101255
teup-ta,teulta,0.0,0.00041492521794634474
teup-ta,teuta,0.0,0.00041492521794634474
teup-e,teupe,0.0,0.07578665563187091
teup-e,teuwe,1.0,0.8942192602133813
teup-e,teule,0.0,0.014997042077373927
teup-e,teue,0.0,0.014997042077373927
teup-te,teupte,1.0,0.9744296627720058
teup-te,teuwte,0.0,0.024740486792101255
teup-te,teulte,0.0,0.00041492521794634474
teup-te,teute,0.0,0.00041492521794634474
teup-i,teupi,0.0,0.07578665563187091
teup-i,teuwi,1.0,0.8942192602133813
teup-i,teuli,0.0,0.014997042077373927
teup-i,teui,0.0,0.014997042077373927
teup-ti,teupti,1.0,0.9744296627720058
teup-ti,teuwti,0.0,0.024740486792101255
teup-ti,teulti,0.0,0.00041492521794634474
teup-ti,teuti,0.0,0.00041492521794634474
teup-o,teupo,0.0,0.07578665563187091
teup-o,teuwo,1.0,0.8942192602133813
teup-o,teulo,0.0,0.014997042077373927
teup-o,teuo,0.0,0.014997042077373927
teup-to,teupto,1.0,0.9744296627720058
teup-to,teuwto,0.0,0.024740486792101255
teup-to,teulto,0.0,0.00041492521794634474
teup-to,teuto,0.0,0.00041492521794634474
cheop-a,cheopa,0.0,0.07578665563187091
cheop-a,cheowa,1.0,0.8942192602133813
cheop-a,cheola,0.0,0.014997042077373927
cheop-a,cheoa,0.0,0.014997042077373927
cheop-ta,cheopta,1.0,0.9744296627720058
cheop-ta,cheowta,0.0,0.024740486792101255
cheop-ta,cheolta,0.0,0.00041492521794634474
cheop-ta,cheota,0.0,0.00041492521794634474
cheop-e,cheope,0.0,0.07578665563187091
cheop-e,cheowe,1.0,0.8942192602133813
cheop-e,cheole,0.0,0.014997042077373927
cheop-e,cheoe,0.0,0.014997042077373927
cheop-te,cheopte,1.0,0.9744296627720058
cheop-te,cheowte,0.0,0.024740486792101255
cheop-te,cheolte,0.0,0.00041492521794634474
cheop-te,cheote,0.0,0.00041492521794634474
cheop-i,cheopi,0.0,0.07578665563187091
cheop-i,cheowi,1.0,0.8942192602133813
cheop-i,cheoli,0.0,0.014997042077373927
cheop-i,cheoi,0.0,0.014997042077373927
cheop-ti,cheopti,1.0,0.9744296627720058
cheop-ti,cheowti,0.0,0.024740486792101255
cheop-ti,cheolti,0.0,0.00041492521794634474
cheop-ti,cheoti,0.0,0.00041492521794634474
cheop-o,cheopo,0.0,0.07578665563187091
cheop-o,cheowo,1.0,0.8942192602133813
cheop-o,cheolo,0.0,0.014997042077373927
cheop-o,cheoo,0.0,0.014997042077373927
cheop-to,cheopto,1.0,0.9744296627720058
cheop-to,cheowto,0.0,0.024740486792101255
cheop-to,cheolto,0.0,0.00041492521794634474
cheop-to,cheoto,0.0,0.00041492521794634474
tep-a,tepa,0.0,0.07578665563187091
tep-a,tewa,1.0,0.8942192602133813
tep-a,tela,0.0,0.014997042077373927
tep-a,tea,0.0,0.014997042077373927
tep-ta,tepta,1.0,0.9744296627720058
tep-ta,tewta,0.0,0.024740486792101255
tep-ta,telta,0.0,0.00041492521794634474
tep-ta,teta,0.0,0.00041492521794634474
tep-e,tepe,0.0,0.07578665563187091
tep-e,tewe,1.0,0.8942192602133813
tep-e,tele,0.0,0.014997042077373927
tep-e,tee,0.0,0.014997042077373927
tep-te,tepte,1.0,0.9744296627720058
tep-te,tewte,0.0,0.024740486792101255
tep-te,telte,0.0,0.00041492521794634474
tep-te,tete,0.0,0.00041492521794634474
tep-i,tepi,0.0,0.07578665563187091
tep-i,tewi,1.0,0.8942192602133813
tep-i,teli,0.0,0.014997042077373927
tep-i,tei,0.0,0.014997042077373927
tep-ti,tepti,1.0,0.9744296627720058
tep-ti,tewti,0.0,0.024740486792101255
tep-ti,telti,0.0,0.00041492521794634474
tep-ti,teti,0.0,0.00041492521794634474
tep-o,tepo,0.0,0.07578665563187091
tep-o,tewo,1.0,0.8942192602133813
tep-o,telo,0.0,0.014997042077373927
tep-o,teo,0.0,0.014997042077373927
tep-to,tepto,1.0,0.9744296627720058
tep-to,tewto,0.0,0.024740486792101255
tep-to,telto,0.0,0.00041492521794634474
tep-to,teto,0.0,0.00041492521794634474
heup-a,heupa,0.0,0.07578665563187091
heup-a,heuwa,1.0,0.8942192602133813
heup-a,heula,0.0,0.014997042077373927
heup-a,heua,0.0,0.014997042077373927
heup-ta,heupta,1.0,0.9744296627720058
heup-ta,heuwta,0.0,0.024740486792101255
heup-ta,heulta,0.0,0.00041492521794634474
heup-ta,heuta,0.0,0.00041492521794634474
heup-e,heupe,0.0,0.07578665563187091
heup-e,heuwe,1.0,0.8942192602133813
heup-e,heule,0.0,0.014997042077373927
heup-e,heue,0.0,0.014997042077373927
heup-te,heupte,1.0,0.9744296627720058
heup-te,heuwte,0.0,0.024740486792101255
heup-te,heulte,0.0,0.00041492521794634474
heup-te,heute,0.0,0.00041492521794634474
heup-i,heupi,0.0,0.07578665563187091
heup-i,heuwi,1.0,0.8942192602133813
heup-i,heuli,0.0,0.014997042077373927
heup-i,heui,0.0,0.014997042077373927
heup-ti,heupti,1.0,0.9744296627720058
heup-ti,heuwti,0.0,0.024740486792101255
heup-ti,heulti,0.0,0.00041492521794634474
heup-ti,heuti,0.0,0.00041492521794634474
heup-o,heupo,0.0,0.07578665563187091
heup-o,heuwo,1.0,0.8942192602133813
heup-o,heulo,0.0,0.014997042077373927
heup-o,heuo,0.0,0.014997042077373927
heup-to,heupto,1.0,0.9744296627720058
heup-to,heuwto,0.0,0.024740486792101255
heup-to,heulto,0.0,0.00041492521794634474
heup-to,heuto,0.0,0.00041492521794634474
rwip-a,rwipa,0.0,0.07578665563187091
rwip-a,rwiwa,1.0,0.8942192602133813
rwip-a,rwila,0.0,0.014997042077373927
rwip-a,rwia,0.0,0.014997042077373927
rwip-ta,rwipta,1.0,0.9744296627720058
rwip-ta,rwiwta,0.0,0.024740486792101255
rwip-ta,rwilta,0.0,0.00041492521794634474
rwip-ta,rwita,0.0,0.00041492521794634474
rwip-e,rwipe,0.0,0.07578665563187091
rwip-e,rwiwe,1.0,0.8942192602133813
rwip-e,rwile,0.0,0.014997042077373927
rwip-e,rwie,0.0,0.014997042077373927
rwip-te,rwipte,1.0,0.9744296627720058
rwip-te,rwiwte,0.0,0.024740486792101255
rwip-te,rwilte,0.0,0.00041492521794634474
rwip-te,rwite,0.0,0.00041492521794634474
rwip-i,rwipi,0.0,0.07578665563187091
rwip-i,rwiwi,1.0,0.8942192602133813
rwip-i,rwili,0.0,0.014997042077373927
rwip-i,rwii,0.0,0.014997042077373927
rwip-ti,rwipti,1.0,0.9744296627720058
rwip-ti,rwiwti,0.0,0.024740486792101255
rwip-ti,rwilti,0.0,0.00041492521794634474
rwip-ti,rwiti,0.0,0.00041492521794634474
rwip-o,rwipo,0.0,0.07578665563187091
rwip-o,rwiwo,1.0,0.8942192602133813
rwip-o,rwilo,0.0,0.014997042077373927
rwip-o,rwio,0.0,0.014997042077373927
rwip-to,rwipto,1.0,0.9744296627720058
rwip-to,rwiwto,0.0,0.024740486792101255
rwip-to,rwilto,0.0,0.00041492521794634474
rwip-to,rwito,0.0,0.00041492521794634474
jjwip-a,jjwipa,0.0,0.07578665563187091
jjwip-a,jjwiwa,1.0,0.8942192602133813
jjwip-a,jjwila,0.0,0.014997042077373927
jjwip-a,jjwia,0.0,0.014997042077373927
jjwip-ta,jjwipta,1.0,0.9744296627720058
jjwip-ta,jjwiwta,0.0,0.024740486792101255
jjwip-ta,jjwilta,0.0,0.00041492521794634474
jjwip-ta,jjwita,0.0,0.00041492521794634474
jjwip-e,jjwipe,0.0,0.07578665563187091
jjwip-e,jjwiwe,1.0,0.8942192602133813
jjwip-e,jjwile,0.0,0.014997042077373927
jjwip-e,jjwie,0.0,0.014997042077373927
jjwip-te,jjwipte,1.0,0.9744296627720058
jjwip-te,jjwiwte,0.0,0.024740486792101255
jjwip-te,jjwilte,0.0,0.00041492521794634474
jjwip-te,jjwite,0.0,0.00041492521794634474
jjwip-i,jjwipi,0.0,0.07578665563187091
jjwip-i,jjwiwi,1.0,0.8942192602133813
jjwip-i,jjwili,0.0,0.014997042077373927
jjwip-i,jjwii,0.0,0.014997042077373927
jjwip-ti,jjwipti,1.0,0.9744296627720058
jjwip-ti,jjwiwti,0.0,0.024740486792101255
jjwip-ti,jjwilti,0.0,0.00041492521794634474
jjwip-ti,jjwiti,0.0,0.00041492521794634474
jjwip-o,jjwipo,0.0,0.07578665563187091
jjwip-o,jjwiwo,1.0,0.8942192602133813
jjwip-o,jjwilo,0.0,0.014997042077373927
jjwip-o,jjwio,0.0,0.014997042077373927
jjwip-to,jjwipto,1.0,0.9744296627720058
jjwip-to,jjwiwto,0.0,0.024740486792101255
jjwip-to,jjwilto,0.0,0.00041492521794634474
jjwip-to,jjwito,0.0,0.00041492521794634474
paep-a,paepa,0.0,0.07578665563187091
paep-a,paewa,1.0,0.8942192602133813
paep-a,paela,0.0,0.014997042077373927
paep-a,paea,0.0,0.014997042077373927
paep-ta,paepta,1.0,0.9744296627720058
paep-ta,paewta,0.0,0.024740486792101255
paep-ta,paelta,0.0,0.00041492521794634474
paep-ta,paeta,0.0,0.00041492521794634474
paep-e,paepe,0.0,0.07578665563187091
paep-e,paewe,1.0,0.8942192602133813
paep-e,paele,0.0,0.014997042077373927
paep-e,paee,0.0,0.014997042077373927
paep-te,paepte,1.0,0.9744296627720058
paep-te,paewte,0.0,0.024740486792101255
paep-te,paelte,0.0,0.00041492521794634474
paep-te,paete,0.0,0.00041492521794634474
paep-i,paepi,0.0,0.07578665563187091
paep-i,paewi,1.0,0.8942192602133813
paep-i,paeli,0.0,0.014997042077373927
paep-i,paei,0.0,0.014997042077373927
paep-ti,paepti,1.0,0.9744296627720058
paep-ti,paewti,0.0,0.024740486792101255
paep-ti,paelti,0.0,0.00041492521794634474
paep-ti,paeti,0.0,0.00041492521794634474
paep-o,paepo,0.0,0.07578665563187091
paep-o,paewo,1.0,0.8942192602133813
paep-o,paelo,0.0,0.014997042077373927
paep-o,paeo,0.0,0.014997042077373927
paep-to,paepto,1.0,0.9744296627720058
paep-to,paewto,0.0,0.024740486792101255
paep-to,paelto,0.0,0.00041492521794634474
paep-to,paeto,0.0,0.00041492521794634474
bop-a,bopa,0.0,0.07578665563187091
bop-a,bowa,1.0,0.8942192602133813
bop-a,bola,0.0,0.014997042077373927
bop-a,boa,0.0,0.014997042077373927
bop-ta,bopta,1.0,0.9744296627720058
bop-ta,bowta,0.0,0.024740486792101255
bop-ta,bolta,0.0,0.00041492521794634474
bop-ta,bota,0.0,0.00041492521794634474
bop-e,bope,0.0,0.07578665563187091
bop-e,bowe,1.0,0.8942192602133813
bop-e,bole,0.0,0.014997042077373927
bop-e,boe,0.0,0.014997042077373927
bop-te,bopte,1.0,0.9744296627720058
bop-te,bowte,0.0,0.024740486792101255
bop-te,bolte,0.0,0.00041492521794634474
bop-te,bote,0.0,0.00041492521794634474
bop-i,bopi,0.0,0.07578665563187091
bop-i,bowi,1.0,0.8942192602133813
bop-i,boli,0.0,0.014997042077373927
bop-i,boi,0.0,0.014997042077373927
bop-ti,bopti,1.0,0.9744296627720058
bop-ti,bowti,0.0,0.024740486792101255
bop-ti,bolti,0.0,0.00041492521794634474
bop-ti,boti,0.0,0.00041492521794634474
bop-o,bopo,0.0,0.07578665563187091
bop-o,bowo,1.0,0.8942192602133813
bop-o,bolo,0.0,0.014997042077373927
bop-o,boo,0.0,0.014997042077373927
bop-to,bopto,1.0,0.9744296627720058
bop-to,bowto,0.0,0.024740486792101255
bop-to,bolto,0.0,0.00041492521794634474
bop-to,boto,0.0,0.00041492521794634474
bup-a,bupa,0.0,0.07578665563187091
bup-a,buwa,1.0,0.8942192602133813
bup-a,bula,0.0,0.014997042077373927
bup-a,bua,0.0,0.014997042077373927
bup-ta,bupta,1.0,0.9744296627720058
bup-ta,buwta,0.0,0.024740486792101255
bup-ta,bulta,0.0,0.00041492521794634474
bup-ta,buta,0.0,0.00041492521794634474
bup-e,bupe,0.0,0.07578665563187091
bup-e,buwe,1.0,0.8942192602133813
bup-e,bule,0.0,0.014997042077373927
bup-e,bue,0.0,0.014997042077373927
bup-te,bupte,1.0,0.9744296627720058
bup-te,buwte,0.0,0.024740486792101255
bup-te,bulte,0.0,0.00041492521794634474
bup-te,bute,0.0,0.00041492521794634474
bup-i,bupi,0.0,0.07578665563187091
bup-i,buwi,1.0,0.8942192602133813
bup-i,buli,0.0,0.014997042077373927
bup-i,bui,0.0,0.014997042077373927
bup-ti,bupti,1.0,0.9744296627720058
bup-ti,buwti,0.0,0.024740486792101255
bup-ti,bulti,0.0,0.00041492521794634474
bup-ti,buti,0.0,0.00041492521794634474
bup-o,bupo,0.0,0.07578665563187091
bup-o,buwo,1.0,0.8942192602133813
bup-o,bulo,0.0,0.014997042077373927
bup-o,buo,0.0,0.014997042077373927
bup-to,bupto,1.0,0.9744296627720058
bup-to,buwto,0.0,0.024740486792101255
bup-to,bulto,0.0,0.00041492521794634474
bup-to,buto,0.0,0.00041492521794634474
mip-a,mipa,0.0,0.07578665563187091
mip-a,miwa,1.0,0.8942192602133813
mip-a,mila,0.0,0.014997042077373927
mip-a,mia,0.0,0.014997042077373927
mip-ta,mipta,1.0,0.9744296627720058
mip-ta,miwta,0.0,0.024740486792101255
mip-ta,milta,0.0,0.00041492521794634474
mip-ta,mita,0.0,0.00041492521794634474
mip-e,mipe,0.0,0.07578665563187091
mip-e,miwe,1.0,0.8942192602133813
mip-e,mile,0.0,0.014997042077373927
mip-e,mie,0.0,0.014997042077373927
mip-te,mipte,1.0,0.9744296627720058
mip-te,miwte,0.0,0.024740486792101255
mip-te,milte,0.0,0.00041492521794634474
mip-te,mite,0.0,0.00041492521794634474
mip-i,mipi,0.0,0.07578665563187091
mip-i,miwi,1.0,0.8942192602133813
mip-i,mili,0.0,0.014997042077373927
mip-i,mii,0.0,0.014997042077373927
mip-ti,mipti,1.0,0.9744296627720058
mip-ti,miwti,0.0,0.024740486792101255
mip-ti,milti,0.0,0.00041492521794634474
mip-ti,miti,0.0,0.00041492521794634474
mip-o,mipo,0.0,0.07578665563187091
mip-o,miwo,1.0,0.8942192602133813
mip-o,milo,0.0,0.014997042077373927
mip-o,mio,0.0,0.014997042077373927
mip-to,mipto,1.0,0.9744296627720058
mip-to,miwto,0.0,0.024740486792101255
mip-to,milto,0.0,0.00041492521794634474
mip-to,mito,0.0,0.00041492521794634474
dwip-a,dwipa,0.0,0.07578665563187091
dwip-a,dwiwa,1.0,0.8942192602133813
dwip-a,dwila,0.0,0.014997042077373927
dwip-a,dwia,0.0,0.014997042077373927
dwip-ta,dwipta,1.0,0.9744296627720058
dwip-ta,dwiwta,0.0,0.024740486792101255
dwip-ta,dwilta,0.0,0.00041492521794634474
dwip-ta,dwita,0.0,0.00041492521794634474
dwip-e,dwipe,0.0,0.07578665563187091
dwip-e,dwiwe,1.0,0.8942192602133813
dwip-e,dwile,0.0,0.014997042077373927
dwip-e,dwie,0.0,0.014997042077373927
dwip-te,dwipte,1.0,0.9744296627720058
dwip-te,dwiwte,0.0,0.024740486792101255
dwip-te,dwilte,0.0,0.00041492521794634474
dwip-te,dwite,0.0,0.00041492521794634474
dwip-i,dwipi,0.0,0.07578665563187091
dwip-i,dwiwi,1.0,0.8942192602133813
dwip-i,dwili,0.0,0.014997042077373927
dwip-i,dwii,0.0,0.014997042077373927
dwip-ti,dwipti,1.0,0.9744296627720058
dwip-ti,dwiwti,0.0,0.024740486792101255
dwip-ti,dwilti,0.0,0.00041492521794634474
dwip-ti,dwiti,0.0,0.00041492521794634474
dwip-o,dwipo,0.0,0.07578665563187091
dwip-o,dwiwo,1.0,0.8942192602133813
dwip-o,dwilo,0.0,0.014997042077373927
dwip-o,dwio,0.0,0.014997042077373927
dwip-to,dwipto,1.0,0.9744296627720058
dwip-to,dwiwto,0.0,0.024740486792101255
dwip-to,dwilto,0.0,0.00041492521794634474
dwip-to,dwito,0.0,0.00041492521794634474
choep-a,choepa,0.0,0.07578665563187091
choep-a,choewa,1.0,0.8942192602133813
choep-a,choela,0.0,0.014997042077373927
choep-a,choea,0.0,0.014997042077373927
choep-ta,choepta,1.0,0.9744296627720058
choep-ta,choewta,0.0,0.024740486792101255
choep-ta,choelta,0.0,0.00041492521794634474
choep-ta,choeta,0.0,0.00041492521794634474
choep-e,choepe,0.0,0.07578665563187091
choep-e,choewe,1.0,0.8942192602133813
choep-e,choele,0.0,0.014997042077373927
choep-e,choee,0.0,0.014997042077373927
choep-te,choepte,1.0,0.9744296627720058
choep-te,choewte,0.0,0.024740486792101255
choep-te,choelte,0.0,0.00041492521794634474
choep-te,choete,0.0,0.00041492521794634474
choep-i,choepi,0.0,0.07578665563187091
choep-i,choewi,1.0,0.8942192602133813
choep-i,choeli,0.0,0.014997042077373927
choep-i,choei,0.0,0.014997042077373927
choep-ti,choepti,1.0,0.9744296627720058
choep-ti,choewti,0.0,0.024740486792101255
choep-ti,choelti,0.0,0.00041492521794634474
choep-ti,choeti,0.0,0.00041492521794634474
choep-o,choepo,0.0,0.07578665563187091
choep-o,choewo,1.0,0.8942192602133813
choep-o,choelo,0.0,0.014997042077373927
choep-o,choeo,0.0,0.014997042077373927
choep-to,choepto,1.0,0.9744296627720058
choep-to,choewto,0.0,0.024740486792101255
choep-to,choelto,0.0,0.00041492521794634474
choep-to,choeto,0.0,0.00041492521794634474
sop-a,sopa,0.0,0.07578665563187091
sop-a,sowa,1.0,0.8942192602133813
sop-a,sola,0.0,0.014997042077373927
sop-a,soa,0.0,0.014997042077373927
sop-ta,sopta,1.0,0.9744296627720058
sop-ta,sowta,0.0,0.024740486792101255
sop-ta,solta,0.0,0.00041492521794634474
sop-ta,sota,0.0,0.00041492521794634474
sop-e,sope,0.0,0.07578665563187091
sop-e,sowe,1.0,0.8942192602133813
sop-e,sole,0.0,0.014997042077373927
sop-e,soe,0.0,0.014997042077373927
sop-te,sopte,1.0,0.9744296627720058
sop-te,sowte,0.0,0.024740486792101255
sop-te,solte,0.0,0.00041492521794634474
sop-te,sote,0.0,0.00041492521794634474
sop-i,sopi,0.0,0.07578665563187091
sop-i,sowi,1.0,0.8942192602133813
sop-i,soli,0.0,0.014997042077373927
sop-i,soi,0.0,0.014997042077373927
sop-ti,sopti,1.0,0.9744296627720058
sop-ti,sowti,0.0,0.024740486792101255
sop-ti,solti,0.0,0.00041492521794634474
sop-ti,soti,0.0,0.00041492521794634474
sop-o,sopo,0.0,0.07578665563187091
sop-o,sowo,1.0,0.8942192602133813
sop-o,solo,0.0,0.014997042077373927
sop-o,soo,0.0,0.014997042077373927
sop-to,sopto,1.0,0.9744296627720058
sop-to,sowto,0.0,0.024740486792101255
sop-to,solto,0.0,0.00041492521794634474
sop-to,soto,0.0,0.00041492521794634474
swip-a,swipa,0.0,0.07578665563187091
swip-a,swiwa,1.0,0.8942192602133813
swip-a,swila,0.0,0.014997042077373927
swip-a,swia,0.0,0.014997042077373927
swip-ta,swipta,1.0,0.9744296627720058
swip-ta,swiwta,0.0,0.024740486792101255
swip-ta,swilta,0.0,0.00041492521794634474
swip-ta,swita,0.0,0.00041492521794634474
swip-e,swipe,0.0,0.07578665563187091
swip-e,swiwe,1.0,0.8942192602133813
swip-e,swile,0.0,0.014997042077373927
swip-e,swie,0.0,0.014997042077373927
swip-te,swipte,1.0,0.9744296627720058
swip-te,swiwte,0.0,0.024740486792101255
swip-te,swilte,0.0,0.00041492521794634474
swip-te,swite,0.0,0.00041492521794634474
swip-i,swipi,0.0,0.07578665563187091
swip-i,swiwi,1.0,0.8942192602133813
swip-i,swili,0.0,0.014997042077373927
swip-i,swii,0.0,0.014997042077373927
swip-ti,swipti,1.0,0.9744296627720058
swip-ti,swiwti,0.0,0.024740486792101255
swip-ti,swilti,0.0,0.00041492521794634474
swip-ti,switi,0.0,0.00041492521794634474
swip-o,swipo,0.0,0.07578665563187091
swip-o,swiwo,1.0,0.8942192602133813
swip-o,swilo,0.0,0.014997042077373927
swip-o,swio,0.0,0.014997042077373927
swip-to,swipto,1.0,0.9744296627720058
swip-to,swiwto,0.0,0.024740486792101255
swip-to,swilto,0.0,0.00041492521794634474
swip-to,swito,0.0,0.00041492521794634474
pwip-a,pwipa,0.0,0.07578665563187091
pwip-a,pwiwa,1.0,0.8942192602133813
pwip-a,pwila,0.0,0.014997042077373927
pwip-a,pwia,0.0,0.014997042077373927
pwip-ta,pwipta,1.0,0.9744296627720058
pwip-ta,pwiwta,0.0,0.024740486792101255
pwip-ta,pwilta,0.0,0.00041492521794634474
pwip-ta,pwita,0.0,0.00041492521794634474
pwip-e,pwipe,0.0,0.07578665563187091
pwip-e,pwiwe,1.0,0.8942192602133813
pwip-e,pwile,0.0,0.014997042077373927
pwip-e,pwie,0.0,0.014997042077373927
pwip-te,pwipte,1.0,0.9744296627720058
pwip-te,pwiwte,0.0,0.024740486792101255
pwip-te,pwilte,0.0,0.00041492521794634474
pwip-te,pwite,0.0,0.00041492521794634474
pwip-i,pwipi,0.0,0.07578665563187091
pwip-i,pwiwi,1.0,0.8942192602133813
pwip-i,pwili,0.0,0.014997042077373927
pwip-i,pwii,0.0,0.014997042077373927
pwip-ti,pwipti,1.0,0.9744296627720058
pwip-ti,pwiwti,0.0,0.024740486792101255
pwip-ti,pwilti,0.0,0.00041492521794634474
pwip-ti,pwiti,0.0,0.00041492521794634474
pwip-o,pwipo,0.0,0.07578665563187091
pwip-o,pwiwo,1.0,0.8942192602133813
pwip-o,pwilo,0.0,0.014997042077373927
pwip-o,pwio,0.0,0.014997042077373927
pwip-to,pwipto,1.0,0.9744296627720058
pwip-to,pwiwto,0.0,0.024740486792101255
pwip-to,pwilto,0.0,0.00041492521794634474
pwip-to,pwito,0.0,0.00041492521794634474
jjeop-a,jjeopa,0.0,0.07578665563187091
jjeop-a,jjeowa,1.0,0.8942192602133813
jjeop-a,jjeola,0.0,0.014997042077373927
jjeop-a,jjeoa,0.0,0.014997042077373927
jjeop-ta,jjeopta,1.0,0.9744296627720058
jjeop-ta,jjeowta,0.0,0.024740486792101255
jjeop-ta,jjeolta,0.0,0.00041492521794634474
jjeop-ta,jjeota,0.0,0.00041492521794634474
jjeop-e,jjeope,0.0,0.07578665563187091
jjeop-e,jjeowe,1.0,0.8942192602133813
jjeop-e,jjeole,0.0,0.014997042077373927
jjeop-e,jjeoe,0.0,0.014997042077373927
jjeop-te,jjeopte,1.0,0.9744296627720058
jjeop-te,jjeowte,0.0,0.024740486792101255
jjeop-te,jjeolte,0.0,0.00041492521794634474
jjeop-te,jjeote,0.0,0.00041492521794634474
jjeop-i,jjeopi,0.0,0.07578665563187091
jjeop-i,jjeowi,1.0,0.8942192602133813
jjeop-i,jjeoli,0.0,0.014997042077373927
jjeop-i,jjeoi,0.0,0.014997042077373927
jjeop-ti,jjeopti,1.0,0.9744296627720058
jjeop-ti,jjeowti,0.0,0.024740486792101255
jjeop-ti,jjeolti,0.0,0.00041492521794634474
jjeop-ti,jjeoti,0.0,0.00041492521794634474
jjeop-o,jjeopo,0.0,0.07578665563187091
jjeop-o,jjeowo,1.0,0.8942192602133813
jjeop-o,jjeolo,0.0,0.014997042077373927
jjeop-o,jjeoo,0.0,0.014997042077373927
jjeop-to,jjeopto,1.0,0.9744296627720058
jjeop-to,jjeowto,0.0,0.024740486792101255
jjeop-to,jjeolto,0.0,0.00041492521794634474
jjeop-to,jjeoto,0.0,0.00041492521794634474
keop-a,keopa,0.0,0.07578665563187091
keop-a,keowa,1.0,0.8942192602133813
keop-a,keola,0.0,0.014997042077373927
keop-a,keoa,0.0,0.014997042077373927
keop-ta,keopta,1.0,0.9744296627720058
keop-ta,keowta,0.0,0.024740486792101255
keop-ta,keolta,0.0,0.00041492521794634474
keop-ta,keota,0.0,0.00041492521794634474
keop-e,keope,0.0,0.07578665563187091
keop-e,keowe,1.0,0.8942192602133813
keop-e,keole,0.0,0.014997042077373927
keop-e,keoe,0.0,0.014997042077373927
keop-te,keopte,1.0,0.9744296627720058
keop-te,keowte,0.0,0.024740486792101255
keop-te,keolte,0.0,0.00041492521794634474
keop-te,keote,0.0,0.00041492521794634474
keop-i,keopi,0.0,0.07578665563187091
keop-i,keowi,1.0,0.8942192602133813
keop-i,keoli,0.0,0.014997042077373927
keop-i,keoi,0.0,0.014997042077373927
keop-ti,keopti,1.0,0.9744296627720058
keop-ti,keowti,0.0,0.024740486792101255
keop-ti,keolti,0.0,0.00041492521794634474
keop-ti,keoti,0.0,0.00041492521794634474
keop-o,keopo,0.0,0.07578665563187091
keop-o,keowo,1.0,0.8942192602133813
keop-o,keolo,0.0,0.014997042077373927
keop-o,keoo,0.0,0.014997042077373927
keop-to,keopto,1.0,0.9744296627720058
keop-to,keowto,0.0,0.024740486792101255
keop-to,keolto,0.0,0.00041492521794634474
keop-to,keoto,0.0,0.00041492521794634474
soep-a,soepa,0.0,0.07578665563187091
soep-a,soewa,1.0,0.8942192602133813
soep-a,soela,0.0,0.014997042077373927
soep-a,soea,0.0,0.014997042077373927
soep-ta,soepta,1.0,0.9744296627720058
soep-ta,soewta,0.0,0.024740486792101255
soep-ta,soelta,0.0,0.00041492521794634474
soep-ta,soeta,0.0,0.00041492521794634474
soep-e,soepe,0.0,0.07578665563187091
soep-e,soewe,1.0,0.8942192602133813
soep-e,soele,0.0,0.014997042077373927
soep-e,soee,0.0,0.014997042077373927
soep-te,soepte,1.0,0.9744296627720058
soep-te,soewte,0.0,0.024740486792101255
soep-te,soelte,0.0,0.00041492521794634474
soep-te,soete,0.0,0.00041492521794634474
soep-i,soepi,0.0,0.07578665563187091
soep-i,soewi,1.0,0.8942192602133813
soep-i,soeli,0.0,0.014997042077373927
soep-i,soei,0.0,0.014997042077373927
soep-ti,soepti,1.0,0.9744296627720058
soep-ti,soewti,0.0,0.024740486792101255
soep-ti,soelti,0.0,0.00041492521794634474
soep-ti,soeti,0.0,0.00041492521794634474
soep-o,soepo,0.0,0.07578665563187091
soep-o,soewo,1.0,0.8942192602133813
soep-o,soelo,0.0,0.014997042077373927
soep-o,soeo,0.0,0.014997042077373927
soep-to,soepto,1.0,0.9744296627720058
soep-to,soewto,0.0,0.024740486792101255
soep-to,soelto,0.0,0.00041492521794634474
soep-to,soeto,0.0,0.00041492521794634474
ssap-a,ssapa,0.0,0.07578665563187091
ssap-a,ssawa,1.0,0.8942192602133813
ssap-a,ssala,0.0,0.014997042077373927
ssap-a,ssaa,0.0,0.014997042077373927
ssap-ta,ssapta,1.0,0.9744296627720058
ssap-ta,ssawta,0.0,0.024740486792101255
ssap-ta,ssalta,0.0,0.00041492521794634474
ssap-ta,ssata,0.0,0.00041492521794634474
ssap-e,ssape,0.0,0.07578665563187091
ssap-e,ssawe,1.0,0.8942192602133813
ssap-e,ssale,0.0,0.014997042077373927
ssap-e,ssae,0.0,0.014997042077373927
ssap-te,ssapte,1.0,0.9744296627720058
ssap-te,ssawte,0.0,0.024740486792101255
ssap-te,ssalte,0.0,0.00041492521794634474
ssap-te,ssate,0.0,0.00041492521794634474
ssap-i,ssapi,0.0,0.07578665563187091
ssap-i,ssawi,1.0,0.8942192602133813
ssap-i,ssali,0.0,0.014997042077373927
ssap-i,ssai,0.0,0.014997042077373927
ssap-ti,ssapti,1.0,0.9744296627720058
ssap-ti,ssawti,0.0,0.024740486792101255
ssap-ti,ssalti,0.0,0.00041492521794634474
ssap-ti,ssati,0.0,0.00041492521794634474
ssap-o,ssapo,0.0,0.07578665563187091
ssap-o,ssawo,1.0,0.8942192602133813
ssap-o,ssalo,0.0,0.014997042077373927
ssap-o,ssao,0.0,0.014997042077373927
ssap-to,ssapto,1.0,0.9744296627720058
ssap-to,ssawto,0.0,0.024740486792101255
ssap-to,ssalto,0.0,0.00041492521794634474
ssap-to,ssato,0.0,0.00041492521794634474
taep-a,taepa,0.0,0.07578665563187091
taep-a,taewa,1.0,0.8942192602133813
taep-a,taela,0.0,0.014997042077373927
taep-a,taea,0.0,0.014997042077373927
taep-ta,taepta,1.0,0.9744296627720058
taep-ta,taewta,0.0,0.024740486792101255
taep-ta,taelta,0.0,0.00041492521794634474
taep-ta,taeta,0.0,0.00041492521794634474
taep-e,taepe,0.0,0.07578665563187091
taep-e,taewe,1.0,0.8942192602133813
taep-e,taele,0.0,0.014997042077373927
taep-e,taee,0.0,0.014997042077373927
taep-te,taepte,1.0,0.9744296627720058
taep-te,taewte,0.0,0.024740486792101255
taep-te,taelte,0.0,0.00041492521794634474
taep-te,taete,0.0,0.00041492521794634474
taep-i,taepi,0.0,0.07578665563187091
taep-i,taewi,1.0,0.8942192602133813
taep-i,taeli,0.0,0.014997042077373927
taep-i,taei,0.0,0.014997042077373927
taep-ti,taepti,1.0,0.9744296627720058
taep-ti,taewti,0.0,0.024740486792101255
taep-ti,taelti,0.0,0.00041492521794634474
taep-ti,taeti,0.0,0.00041492521794634474
taep-o,taepo,0.0,0.07578665563187091
taep-o,taewo,1.0,0.8942192602133813
taep-o,taelo,0.0,0.014997042077373927
taep-o,taeo,0.0,0.014997042077373927
taep-to,taepto,1.0,0.9744296627720058
taep-to,taewto,0.0,0.024740486792101255
taep-to,taelto,0.0,0.00041492521794634474
taep-to,taeto,0.0,0.00041492521794634474
mwip-a,mwipa,0.0,0.07578665563187091
mwip-a,mwiwa,1.0,0.8942192602133813
mwip-a,mwila,0.0,0.014997042077373927
mwip-a,mwia,0.0,0.014997042077373927
mwip-ta,mwipta,1.0,0.9744296627720058
mwip-ta,mwiwta,0.0,0.024740486792101255
mwip-ta,mwilta,0.0,0.00041492521794634474
mwip-ta,mwita,0.0,0.00041492521794634474
mwip-e,mwipe,0.0,0.07578665563187091
mwip-e,mwiwe,1.0,0.8942192602133813
mwip-e,mwile,0.0,0.014997042077373927
mwip-e,mwie,0.0,0.014997042077373927
mwip-te,mwipte,1.0,0.9744296627720058
mwip-te,mwiwte,0.0,0.024740486792101255
mwip-te,mwilte,0.0,0.00041492521794634474
mwip-te,mwite,0.0,0.00041492521794634474
mwip-i,mwipi,0.0,0.07578665563187091
mwip-i,mwiwi,1.0,0.8942192602133813
mwip-i,mwili,0.0,0.014997042077373927
mwip-i,mwii,0.0,0.014997042077373927
mwip-ti,mwipti,1.0,0.9744296627720058
mwip-ti,mwiwti,0.0,0.024740486792101255
mwip-ti,mwilti,0.0,0.00041492521794634474
mwip-ti,mwiti,0.0,0.00041492521794634474
mwip-o,mwipo,0.0,0.07578665563187091
mwip-o,mwiwo,1.0,0.8942192602133813
mwip-o,mwilo,0.0,0.014997042077373927
mwip-o,mwio,0.0,0.014997042077373927
mwip-to,mwipto,1.0,0.9744296627720058
mwip-to,mwiwto,0.0,0.024740486792101255
mwip-to,mwilto,0.0,0.00041492521794634474
mwip-to,mwito,0.0,0.00041492521794634474
rup-a,rupa,0.0,0.07578665563187091
rup-a,ruwa,1.0,0.8942192602133813
rup-a,rula,0.0,0.014997042077373927
rup-a,rua,0.0,0.014997042077373927
rup-ta,rupta,1.0,0.9744296627720058
rup-ta,ruwta,0.0,0.024740486792101255
rup-ta,rulta,0.0,0.00041492521794634474
rup-ta,ruta,0.0,0.00041492521794634474
rup-e,rupe,0.0,0.07578665563187091
rup-e,ruwe,1.0,0.8942192602133813
rup-e,rule,0.0,0.014997042077373927
rup-e,rue,0.0,0.014997042077373927
rup-te,rupte,1.0,0.9744296627720058
rup-te,ruwte,0.0,0.024740486792101255
rup-te,rulte,0.0,0.00041492521794634474
rup-te,rute,0.0,0.00041492521794634474
rup-i,rupi,0.0,0.07578665563187091
rup-i,ruwi,1.0,0.8942192602133813
rup-i,ruli,0.0,0.014997042077373927
rup-i,rui,0.0,0.014997042077373927
rup-ti,rupti,1.0,0.9744296627720058
rup-ti,ruwti,0.0,0.024740486792101255
rup-ti,rulti,0.0,0.00041492521794634474
rup-ti,ruti,0.0,0.00041492521794634474
rup-o,rupo,0.0,0.07578665563187091
rup-o,ruwo,1.0,0.8942192602133813
rup-o,rulo,0.0,0.014997042077373927
rup-o,ruo,0.0,0.014997042077373927
rup-to,rupto,1.0,0.9744296627720058
rup-to,ruwto,0.0,0.024740486792101255
rup-to,rulto,0.0,0.00041492521794634474
rup-to,ruto,0.0,0.00041492521794634474
chwip-a,chwipa,0.0,0.07578665563187091
chwip-a,chwiwa,1.0,0.8942192602133813
chwip-a,chwila,0.0,0.014997042077373927
chwip-a,chwia,0.0,0.014997042077373927
chwip-ta,chwipta,1.0,0.9744296627720058
chwip-ta,chwiwta,0.0,0.024740486792101255
chwip-ta,chwilta,0.0,0.00041492521794634474
chwip-ta,chwita,0.0,0.00041492521794634474
chwip-e,chwipe,0.0,0.07578665563187091
chwip-e,chwiwe,1.0,0.8942192602133813
chwip-e,chwile,0.0,0.014997042077373927
chwip-e,chwie,0.0,0.014997042077373927
chwip-te,chwipte,1.0,0.9744296627720058
chwip-te,chwiwte,0.0,0.024740486792101255
chwip-te,chwilte,0.0,0.00041492521794634474
chwip-te,chwite,0.0,0.00041492521794634474
chwip-i,chwipi,0.0,0.07578665563187091
chwip-i,chwiwi,1.0,0.8942192602133813
chwip-i,chwili,0.0,0.014997042077373927
chwip-i,chwii,0.0,0.014997042077373927
chwip-ti,chwipti,1.0,0.9744296627720058
chwip-ti,chwiwti,0.0,0.024740486792101255
chwip-ti,chwilti,0.0,0.00041492521794634474
chwip-ti,chwiti,0.0,0.00041492521794634474
chwip-o,chwipo,0.0,0.07578665563187091
chwip-o,chwiwo,1.0,0.8942192602133813
chwip-o,chwilo,0.0,0.014997042077373927
chwip-o,chwio,0.0,0.014997042077373927
chwip-to,chwipto,1.0,0.9744296627720058
chwip-to,chwiwto,0.0,0.024740486792101255
chwip-to,chwilto,0.0,0.00041492521794634474
chwip-to,chwito,0.0,0.00041492521794634474
bep-a,bepa,0.0,0.07578665563187091
bep-a,bewa,1.0,0.8942192602133813
bep-a,bela,0.0,0.014997042077373927
bep-a,bea,0.0,0.014997042077373927
bep-ta,bepta,1.0,0.9744296627720058
bep-ta,bewta,0.0,0.024740486792101255
bep-ta,belta,0.0,0.00041492521794634474
bep-ta,beta,0.0,0.00041492521794634474
bep-e,bepe,0.0,0.07578665563187091
bep-e,bewe,1.0,0.8942192602133813
bep-e,bele,0.0,0.014997042077373927
bep-e,bee,0.0,0.014997042077373927
bep-te,bepte,1.0,0.9744296627720058
bep-te,bewte,0.0,0.024740486792101255
bep-te,belte,0.0,0.00041492521794634474
bep-te,bete,0.0,0.00041492521794634474
bep-i,bepi,0.0,0.07578665563187091
bep-i,bewi,1.0,0.8942192602133813
bep-i,beli,0.0,0.014997042077373927
bep-i,bei,0.0,0.014997042077373927
bep-ti,bepti,1.0,0.9744296627720058
bep-ti,bewti,0.0,0.024740486792101255
bep-ti,belti,0.0,0.00041492521794634474
bep-ti,beti,0.0,0.00041492521794634474
bep-o,bepo,0.0,0.07578665563187091
bep-o,bewo,1.0,0.8942192602133813
bep-o,belo,0.0,0.014997042077373927
bep-o,beo,0.0,0.014997042077373927
bep-to,bepto,1.0,0.9744296627720058
bep-to,bewto,0.0,0.024740486792101255
bep-to,belto,0.0,0.00041492521794634474
bep-to,beto,0.0,0.00041492521794634474
peup-a,peupa,0.0,0.07578665563187091
peup-a,peuwa,1.0,0.8942192602133813
peup-a,peula,0.0,0.014997042077373927
peup-a,peua,0.0,0.014997042077373927
peup-ta,peupta,1.0,0.9744296627720058
peup-ta,peuwta,0.0,0.024740486792101255
peup-ta,peulta,0.0,0.00041492521794634474
peup-ta,peuta,0.0,0.00041492521794634474
peup-e,peupe,0.0,0.07578665563187091
peup-e,peuwe,1.0,0.8942192602133813
peup-e,peule,0.0,0.014997042077373927
peup-e,peue,0.0,0.014997042077373927
peup-te,peupte,1.0,0.9744296627720058
peup-te,peuwte,0.0,0.024740486792101255
peup-te,peulte,0.0,0.00041492521794634474
peup-te,peute,0.0,0.00041492521794634474
peup-i,peupi,0.0,0.07578665563187091
peup-i,peuwi,1.0,0.8942192602133813
peup-i,peuli,0.0,0.014997042077373927
peup-i,peui,0.0,0.014997042077373927
peup-ti,peupti,1.0,0.9744296627720058
peup-ti,peuwti,0.0,0.024740486792101255
peup-ti,peulti,0.0,0.00041492521794634474
peup-ti,peuti,0.0,0.00041492521794634474
peup-o,peupo,0.0,0.07578665563187091
peup-o,peuwo,1.0,0.8942192602133813
peup-o,peulo,0.0,0.014997042077373927
peup-o,peuo,0.0,0.014997042077373927
peup-to,peupto,1.0,0.9744296627720058
peup-to,peuwto,0.0,0.024740486792101255
peup-to,peulto,0.0,0.00041492521794634474
peup-to,peuto,0.0,0.00041492521794634474
ppep-a,ppepa,0.0,0.07578665563187091
ppep-a,ppewa,1.0,0.8942192602133813
ppep-a,ppela,0.0,0.014997042077373927
ppep-a,ppea,0.0,0.014997042077373927
ppep-ta,ppepta,1.0,0.9744296627720058
ppep-ta,ppewta,0.0,0.024740486792101255
ppep-ta,ppelta,0.0,0.00041492521794634474
ppep-ta,ppeta,0.0,0.00041492521794634474
ppep-e,ppepe,0.0,0.07578665563187091
ppep-e,ppewe,1.0,0.8942192602133813
ppep-e,ppele,0.0,0.014997042077373927
ppep-e,ppee,0.0,0.014997042077373927
ppep-te,ppepte,1.0,0.9744296627720058
ppep-te,ppewte,0.0,0.024740486792101255
ppep-te,ppelte,0.0,0.00041492521794634474
ppep-te,ppete,0.0,0.00041492521794634474
ppep-i,ppepi,0.0,0.07578665563187091
ppep-i,ppewi,1.0,0.8942192602133813
ppep-i,ppeli,0.0,0.014997042077373927
ppep-i,ppei,0.0,0.014997042077373927
ppep-ti,ppepti,1.0,0.9744296627720058
ppep-ti,ppewti,0.0,0.024740486792101255
ppep-ti,ppelti,0.0,0.00041492521794634474
ppep-ti,ppeti,0.0,0.00041492521794634474
ppep-o,ppepo,0.0,0.07578665563187091
ppep-o,ppewo,1.0,0.8942192602133813
ppep-o,ppelo,0.0,0.014997042077373927
ppep-o,ppeo,0.0,0.014997042077373927
ppep-to,ppepto,1.0,0.9744296627720058
ppep-to,ppewto,0.0,0.024740486792101255
ppep-to,ppelto,0.0,0.00041492521794634474
ppep-to,ppeto,0.0,0.00041492521794634474
chop-a,chopa,0.0,0.07578665563187091
chop-a,chowa,1.0,0.8942192602133813
chop-a,chola,0.0,0.014997042077373927
chop-a,choa,0.0,0.014997042077373927
chop-ta,chopta,1.0,0.9744296627720058
chop-ta,chowta,0.0,0.024740486792101255
chop-ta,cholta,0.0,0.00041492521794634474
chop-ta,chota,0.0,0.00041492521794634474
chop-e,chope,0.0,0.07578665563187091
chop-e,chowe,1.0,0.8942192602133813
chop-e,chole,0.0,0.014997042077373927
chop-e,choe,0.0,0.014997042077373927
chop-te,chopte,1.0,0.9744296627720058
chop-te,chowte,0.0,0.024740486792101255
chop-te,cholte,0.0,0.00041492521794634474
chop-te,chote,0.0,0.00041492521794634474
chop-i,chopi,0.0,0.07578665563187091
chop-i,chowi,1.0,0.8942192602133813
chop-i,choli,0.0,0.014997042077373927
chop-i,choi,0.0,0.014997042077373927
chop-ti,chopti,1.0,0.9744296627720058
chop-ti,chowti,0.0,0.024740486792101255
chop-ti,cholti,0.0,0.00041492521794634474
chop-ti,choti,0.0,0.00041492521794634474
chop-o,chopo,0.0,0.07578665563187091
chop-o,chowo,1.0,0.8942192602133813
chop-o,cholo,0.0,0.014997042077373927
chop-o,choo,0.0,0.014997042077373927
chop-to,chopto,1.0,0.9744296627720058
chop-to,chowto,0.0,0.024740486792101255
chop-to,cholto,0.0,0.00041492521794634474
chop-to,choto,0.0,0.00041492521794634474
keup-a,keupa,0.0,0.07578665563187091
keup-a,keuwa,1.0,0.8942192602133813
keup-a,keula,0.0,0.014997042077373927
keup-a,keua,0.0,0.014997042077373927
keup-ta,keupta,1.0,0.9744296627720058
keup-ta,keuwta,0.0,0.024740486792101255
keup-ta,keulta,0.0,0.00041492521794634474
keup-ta,keuta,0.0,0.00041492521794634474
keup-e,keupe,0.0,0.07578665563187091
keup-e,keuwe,1.0,0.8942192602133813
keup-e,keule,0.0,0.014997042077373927
keup-e,keue,0.0,0.014997042077373927
keup-te,keupte,1.0,0.9744296627720058
keup-te,keuwte,0.0,0.024740486792101255
keup-te,keulte,0.0,0.00041492521794634474
keup-te,keute,0.0,0.00041492521794634474
keup-i,keupi,0.0,0.07578665563187091
keup-i,keuwi,1.0,0.8942192602133813
keup-i,keuli,0.0,0.014997042077373927
keup-i,keui,0.0,0.014997042077373927
keup-ti,keupti,1.0,0.9744296627720058
keup-ti,keuwti,0.0,0.024740486792101255
keup-ti,keulti,0.0,0.00041492521794634474
keup-ti,keuti,0.0,0.00041492521794634474
keup-o,keupo,0.0,0.07578665563187091
keup-o,keuwo,1.0,0.8942192602133813
keup-o,keulo,0.0,0.014997042077373927
keup-o,keuo,0.0,0.014997042077373927
keup-to,keupto,1.0,0.9744296627720058
keup-to,keuwto,0.0,0.024740486792101255
keup-to,keulto,0.0,0.00041492521794634474
keup-to,keuto,0.0,0.00041492521794634474
geup-a,geupa,0.0,0.07578665563187091
geup-a,geuwa,1.0,0.8942192602133813
geup-a,geula,0.0,0.014997042077373927
geup-a,geua,0.0,0.014997042077373927
geup-ta,geupta,1.0,0.9744296627720058
geup-ta,geuwta,0.0,0.024740486792101255
geup-ta,geulta,0.0,0.00041492521794634474
geup-ta,geuta,0.0,0.00041492521794634474
geup-e,geupe,0.0,0.07578665563187091
geup-e,geuwe,1.0,0.8942192602133813
geup-e,geule,0.0,0.014997042077373927
geup-e,geue,0.0,0.014997042077373927
geup-te,geupte,1.0,0.9744296627720058
geup-te,geuwte,0.0,0.024740486792101255
geup-te,geulte,0.0,0.00041492521794634474
geup-te,geute,0.0,0.00041492521794634474
geup-i,geupi,0.0,0.07578665563187091
geup-i,geuwi,1.0,0.8942192602133813
geup-i,geuli,0.0,0.014997042077373927
geup-i,geui,0.0,0.014997042077373927
geup-ti,geupti,1.0,0.9744296627720058
geup-ti,geuwti,0.0,0.024740486792101255
geup-ti,geulti,0.0,0.00041492521794634474
geup-ti,geuti,0.0,0.00041492521794634474
geup-o,geupo,0.0,0.07578665563187091
geup-o,geuwo,1.0,0.8942192602133813
geup-o,geulo,0.0,0.014997042077373927
geup-o,geuo,0.0,0.014997042077373927
geup-to,geupto,1.0,0.9744296627720058
geup-to,geuwto,0.0,0.024740486792101255
geup-to,geulto,0.0,0.00041492521794634474
geup-to,geuto,0.0,0.00041492521794634474
nip-a,nipa,0.0,0.07578665563187091
nip-a,niwa,1.0,0.8942192602133813
nip-a,nila,0.0,0.014997042077373927
nip-a,nia,0.0,0.014997042077373927
nip-ta,nipta,1.0,0.9744296627720058
nip-ta,niwta,0.0,0.024740486792101255
nip-ta,nilta,0.0,0.00041492521794634474
nip-ta,nita,0.0,0.00041492521794634474
nip-e,nipe,0.0,0.07578665563187091
nip-e,niwe,1.0,0.8942192602133813
nip-e,nile,0.0,0.014997042077373927
nip-e,nie,0.0,0.014997042077373927
nip-te,nipte,1.0,0.9744296627720058
nip-te,niwte,0.0,0.024740486792101255
nip-te,nilte,0.0,0.00041492521794634474
nip-te,nite,0.0,0.00041492521794634474
nip-i,nipi,0.0,0.07578665563187091
nip-i,niwi,1.0,0.8942192602133813
nip-i,nili,0.0,0.014997042077373927
nip-i,nii,0.0,0.014997042077373927
nip-ti,nipti,1.0,0.9744296627720058
nip-ti,niwti,0.0,0.024740486792101255
nip-ti,nilti,0.0,0.00041492521794634474
nip-ti,niti,0.0,0.00041492521794634474
nip-o,nipo,0.0,0.07578665563187091
nip-o,niwo,1.0,0.8942192602133813
nip-o,nilo,0.0,0.014997042077373927
nip-o,nio,0.0,0.014997042077373927
nip-to,nipto,1.0,0.9744296627720058
nip-to,niwto,0.0,0.024740486792101255
nip-to,nilto,0.0,0.00041492521794634474
nip-to,nito,0.0,0.00041492521794634474
ppip-a,ppipa,0.0,0.07578665563187091
ppip-a,ppiwa,1.0,0.8942192602133813
ppip-a,ppila,0.0,0.014997042077373927
ppip-a,ppia,0.0,0.014997042077373927
ppip-ta,ppipta,1.0,0.9744296627720058
ppip-ta,ppiwta,0.0,0.024740486792101255
ppip-ta,ppilta,0.0,0.00041492521794634474
ppip-ta,ppita,0.0,0.00041492521794634474
ppip-e,ppipe,0.0,0.07578665563187091
ppip-e,ppiwe,1.0,0.8942192602133813
ppip-e,ppile,0.0,0.014997042077373927
ppip-e,ppie,0.0,0.014997042077373927
ppip-te,ppipte,1.0,0.9744296627720058
ppip-te,ppiwte,0.0,0.024740486792101255
ppip-te,ppilte,0.0,0.00041492521794634474
ppip-te,ppite,0.0,0.00041492521794634474
ppip-i,ppipi,0.0,0.07578665563187091
ppip-i,ppiwi,1.0,0.8942192602133813
ppip-i,ppili,0.0,0.014997042077373927
ppip-i,ppii,0.0,0.014997042077373927
ppip-ti,ppipti,1.0,0.9744296627720058
ppip-ti,ppiwti,0.0,0.024740486792101255
ppip-ti,ppilti,0.0,0.00041492521794634474
ppip-ti,ppiti,0.0,0.00041492521794634474
ppip-o,ppipo,0.0,0.07578665563187091
ppip-o,ppiwo,1.0,0.8942192602133813
ppip-o,ppilo,0.0,0.014997042077373927
ppip-o,ppio,0.0,0.014997042077373927
ppip-to,ppipto,1.0,0.9744296627720058
ppip-to,ppiwto,0.0,0.024740486792101255
ppip-to,ppilto,0.0,0.00041492521794634474
ppip-to,ppito,0.0,0.00041492521794634474
saep-a,saepa,0.0,0.07578665563187091
saep-a,saewa,1.0,0.8942192602133813
saep-a,saela,0.0,0.014997042077373927
saep-a,saea,0.0,0.014997042077373927
saep-ta,saepta,1.0,0.9744296627720058
saep-ta,saewta,0.0,0.024740486792101255
saep-ta,saelta,0.0,0.00041492521794634474
saep-ta,saeta,0.0,0.00041492521794634474
saep-e,saepe,0.0,0.07578665563187091
saep-e,saewe,1.0,0.8942192602133813
saep-e,saele,0.0,0.014997042077373927
saep-e,saee,0.0,0.014997042077373927
saep-te,saepte,1.0,0.9744296627720058
saep-te,saewte,0.0,0.024740486792101255
saep-te,saelte,0.0,0.00041492521794634474
saep-te,saete,0.0,0.00041492521794634474
saep-i,saepi,0.0,0.07578665563187091
saep-i,saewi,1.0,0.8942192602133813
saep-i,saeli,0.0,0.014997042077373927
saep-i,saei,0.0,0.014997042077373927
saep-ti,saepti,1.0,0.9744296627720058
saep-ti,saewti,0.0,0.024740486792101255
saep-ti,saelti,0.0,0.00041492521794634474
saep-ti,saeti,0.0,0.00041492521794634474
saep-o,saepo,0.0,0.07578665563187091
saep-o,saewo,1.0,0.8942192602133813
saep-o,saelo,0.0,0.014997042077373927
saep-o,saeo,0.0,0.014997042077373927
saep-to,saepto,1.0,0.9744296627720058
saep-to,saewto,0.0,0.024740486792101255
saep-to,saelto,0.0,0.00041492521794634474
saep-to,saeto,0.0,0.00041492521794634474
noep-a,noepa,0.0,0.07578665563187091
noep-a,noewa,1.0,0.8942192602133813
noep-a,noela,0.0,0.014997042077373927
noep-a,noea,0.0,0.014997042077373927
noep-ta,noepta,1.0,0.9744296627720058
noep-ta,noewta,0.0,0.024740486792101255
noep-ta,noelta,0.0,0.00041492521794634474
noep-ta,noeta,0.0,0.00041492521794634474
noep-e,noepe,0.0,0.07578665563187091
noep-e,noewe,1.0,0.8942192602133813
noep-e,noele,0.0,0.014997042077373927
noep-e,noee,0.0,0.014997042077373927
noep-te,noepte,1.0,0.9744296627720058
noep-te,noewte,0.0,0.024740486792101255
noep-te,noelte,0.0,0.00041492521794634474
noep-te,noete,0.0,0.00041492521794634474
noep-i,noepi,0.0,0.07578665563187091
noep-i,noewi,1.0,0.8942192602133813
noep-i,noeli,0.0,0.014997042077373927
noep-i,noei,0.0,0.014997042077373927
noep-ti,noepti,1.0,0.9744296627720058
noep-ti,noewti,0.0,0.024740486792101255
noep-ti,noelti,0.0,0.00041492521794634474
noep-ti,noeti,0.0,0.00041492521794634474
noep-o,noepo,0.0,0.07578665563187091
noep-o,noewo,1.0,0.8942192602133813
noep-o,noelo,0.0,0.014997042077373927
noep-o,noeo,0.0,0.014997042077373927
noep-to,noepto,1.0,0.9744296627720058
noep-to,noewto,0.0,0.024740486792101255
noep-to,noelto,0.0,0.00041492521794634474
noep-to,noeto,0.0,0.00041492521794634474
kkap-a,kkapa,0.0,0.07578665563187091
kkap-a,kkawa,1.0,0.8942192602133813
kkap-a,kkala,0.0,0.014997042077373927
kkap-a,kkaa,0.0,0.014997042077373927
kkap-ta,kkapta,1.0,0.9744296627720058
kkap-ta,kkawta,0.0,0.024740486792101255
kkap-ta,kkalta,0.0,0.00041492521794634474
kkap-ta,kkata,0.0,0.00041492521794634474
kkap-e,kkape,0.0,0.07578665563187091
kkap-e,kkawe,1.0,0.8942192602133813
kkap-e,kkale,0.0,0.014997042077373927
kkap-e,kkae,0.0,0.014997042077373927
kkap-te,kkapte,1.0,0.9744296627720058
kkap-te,kkawte,0.0,0.024740486792101255
kkap-te,kkalte,0.0,0.00041492521794634474
kkap-te,kkate,0.0,0.00041492521794634474
kkap-i,kkapi,0.0,0.07578665563187091
kkap-i,kkawi,1.0,0.8942192602133813
kkap-i,kkali,0.0,0.014997042077373927
kkap-i,kkai,0.0,0.014997042077373927
kkap-ti,kkapti,1.0,0.9744296627720058
kkap-ti,kkawti,0.0,0.024740486792101255
kkap-ti,kkalti,0.0,0.00041492521794634474
kkap-ti,kkati,0.0,0.00041492521794634474
kkap-o,kkapo,0.0,0.07578665563187091
kkap-o,kkawo,1.0,0.8942192602133813
kkap-o,kkalo,0.0,0.014997042077373927
kkap-o,kkao,0.0,0.014997042077373927
kkap-to,kkapto,1.0,0.9744296627720058
kkap-to,kkawto,0.0,0.024740486792101255
kkap-to,kkalto,0.0,0.00041492521794634474
kkap-to,kkato,0.0,0.00041492521794634474
jjup-a,jjupa,0.0,0.07578665563187091
jjup-a,jjuwa,1.0,0.8942192602133813
jjup-a,jjula,0.0,0.014997042077373927
jjup-a,jjua,0.0,0.014997042077373927
jjup-ta,jjupta,1.0,0.9744296627720058
jjup-ta,jjuwta,0.0,0.024740486792101255
jjup-ta,jjulta,0.0,0.00041492521794634474
jjup-ta,jjuta,0.0,0.00041492521794634474
jjup-e,jjupe,0.0,0.07578665563187091
jjup-e,jjuwe,1.0,0.8942192602133813
jjup-e,jjule,0.0,0.014997042077373927
jjup-e,jjue,0.0,0.014997042077373927
jjup-te,jjupte,1.0,0.9744296627720058
jjup-te,jjuwte,0.0,0.024740486792101255
jjup-te,jjulte,0.0,0.00041492521794634474
jjup-te,jjute,0.0,0.00041492521794634474
jjup-i,jjupi,0.0,0.07578665563187091
jjup-i,jjuwi,1.0,0.8942192602133813
jjup-i,jjuli,0.0,0.014997042077373927
jjup-i,jjui,0.0,0.014997042077373927
jjup-ti,jjupti,1.0,0.9744296627720058
jjup-ti,jjuwti,0.0,0.024740486792101255
jjup-ti,jjulti,0.0,0.00041492521794634474
jjup-ti,jjuti,0.0,0.00041492521794634474
jjup-o,jjupo,0.0,0.07578665563187091
jjup-o,jjuwo,1.0,0.8942192602133813
jjup-o,jjulo,0.0,0.014997042077373927
jjup-o,jjuo,0.0,0.014997042077373927
jjup-to,jjupto,1.0,0.9744296627720058
jjup-to,jjuwto,0.0,0.024740486792101255
jjup-to,jjulto,0.0,0.00041492521794634474
jjup-to,jjuto,0.0,0.00041492521794634474
gwip-a,gwipa,0.0,0.07578665563187091
gwip-a,gwiwa,1.0,0.8942192602133813
gwip-a,gwila,0.0,0.014997042077373927
gwip-a,gwia,0.0,0.014997042077373927
gwip-ta,gwipta,1.0,0.9744296627720058
gwip-ta,gwiwta,0.0,0.024740486792101255
gwip-ta,gwilta,0.0,0.00041492521794634474
gwip-ta,gwita,0.0,0.00041492521794634474
gwip-e,gwipe,0.0,0.07578665563187091
gwip-e,gwiwe,1.0,0.8942192602133813
gwip-e,gwile,0.0,0.014997042077373927
gwip-e,gwie,0.0,0.014997042077373927
gwip-te,gwipte,1.0,0.9744296627720058
gwip-te,gwiwte,0.0,0.024740486792101255
gwip-te,gwilte,0.0,0.00041492521794634474
gwip-te,gwite,0.0,0.00041492521794634474
gwip-i,gwipi,0.0,0.07578665563187091
gwip-i,gwiwi,1.0,0.8942192602133813
gwip-i,gwili,0.0,0.014997042077373927
gwip-i,gwii,0.0,0.014997042077373927
gwip-ti,gwipti,1.0,0.9744296627720058
gwip-ti,gwiwti,0.0,0.024740486792101255
gwip-ti,gwilti,0.0,0.00041492521794634474
gwip-ti,gwiti,0.0,0.00041492521794634474
gwip-o,gwipo,0.0,0.07578665563187091
gwip-o,gwiwo,1.0,0.8942192602133813
gwip-o,gwilo,0.0,0.014997042077373927
gwip-o,gwio,0.0,0.014997042077373927
gwip-to,gwipto,1.0,0.9744296627720058
gwip-to,gwiwto,0.0,0.024740486792101255
gwip-to,gwilto,0.0,0.00041492521794634474
gwip-to,gwito,0.0,0.00041492521794634474
jjep-a,jjepa,0.0,0.07578665563187091
jjep-a,jjewa,1.0,0.8942192602133813
jjep-a,jjela,0.0,0.014997042077373927
jjep-a,jjea,0.0,0.014997042077373927
jjep-ta,jjepta,1.0,0.9744296627720058
jjep-ta,jjewta,0.0,0.024740486792101255
jjep-ta,jjelta,0.0,0.00041492521794634474
jjep-ta,jjeta,0.0,0.00041492521794634474
jjep-e,jjepe,0.0,0.07578665563187091
jjep-e,jjewe,1.0,0.8942192602133813
jjep-e,jjele,0.0,0.014997042077373927
jjep-e,jjee,0.0,0.014997042077373927
jjep-te,jjepte,1.0,0.9744296627720058
jjep-te,jjewte,0.0,0.024740486792101255
jjep-te,jjelte,0.0,0.00041492521794634474
jjep-te,jjete,0.0,0.00041492521794634474
jjep-i,jjepi,0.0,0.07578665563187091
jjep-i,jjewi,1.0,0.8942192602133813
jjep-i,jjeli,0.0,0.014997042077373927
jjep-i,jjei,0.0,0.014997042077373927
jjep-ti,jjepti,1.0,0.9744296627720058
jjep-ti,jjewti,0.0,0.024740486792101255
jjep-ti,jjelti,0.0,0.00041492521794634474
jjep-ti,jjeti,0.0,0.00041492521794634474
jjep-o,jjepo,0.0,0.07578665563187091
jjep-o,jjewo,1.0,0.8942192602133813
jjep-o,jjelo,0.0,0.014997042077373927
jjep-o,jjeo,0.0,0.014997042077373927
jjep-to,jjepto,1.0,0.9744296627720058
jjep-to,jjewto,0.0,0.024740486792101255
jjep-to,jjelto,0.0,0.00041492521794634474
jjep-to,jjeto,0.0,0.00041492521794634474
meup-a,meupa,0.0,0.07578665563187091
meup-a,meuwa,1.0,0.8942192602133813
meup-a,meula,0.0,0.014997042077373927
meup-a,meua,0.0,0.014997042077373927
meup-ta,meupta,1.0,0.9744296627720058
meup-ta,meuwta,0.0,0.024740486792101255
meup-ta,meulta,0.0,0.00041492521794634474
meup-ta,meuta,0.0,0.00041492521794634474
meup-e,meupe,0.0,0.07578665563187091
meup-e,meuwe,1.0,0.8942192602133813
meup-e,meule,0.0,0.014997042077373927
meup-e,meue,0.0,0.014997042077373927
meup-te,meupte,1.0,0.9744296627720058
meup-te,meuwte,0.0,0.024740486792101255
meup-te,meulte,0.0,0.00041492521794634474
meup-te,meute,0.0,0.00041492521794634474
meup-i,meupi,0.0,0.07578665563187091
meup-i,meuwi,1.0,0.8942192602133813
meup-i,meuli,0.0,0.014997042077373927
meup-i,meui,0.0,0.014997042077373927
meup-ti,meupti,1.0,0.9744296627720058
meup-ti,meuwti,0.0,0.024740486792101255
meup-ti,meulti,0.0,0.00041492521794634474
meup-ti,meuti,0.0,0.00041492521794634474
meup-o,meupo,0.0,0.07578665563187091
meup-o,meuwo,1.0,0.8942192602133813
meup-o,meulo,0.0,0.014997042077373927
meup-o,meuo,0.0,0.014997042077373927
meup-to,meupto,1.0,0.9744296627720058
meup-to,meuwto,0.0,0.024740486792101255
meup-to,meulto,0.0,0.00041492521794634474
meup-to,meuto,0.0,0.00041492521794634474
ttop-a,ttopa,0.0,0.07578665563187091
ttop-a,ttowa,1.0,0.8942192602133813
ttop-a,ttola,0.0,0.014997042077373927
ttop-a,ttoa,0.0,0.014997042077373927
ttop-ta,ttopta,1.0,0.9744296627720058
ttop-ta,ttowta,0.0,0.024740486792101255
ttop-ta,ttolta,0.0,0.00041492521794634474
ttop-ta,ttota,0.0,0.00041492521794634474
ttop-e,ttope,0.0,0.07578665563187091
ttop-e,ttowe,1.0,0.8942192602133813
ttop-e,ttole,0.0,0.014997042077373927
ttop-e,ttoe,0.0,0.014997042077373927
ttop-te,ttopte,1.0,0.9744296627720058
ttop-te,ttowte,0.0,0.024740486792101255
ttop-te,ttolte,0.0,0.00041492521794634474
ttop-te,ttote,0.0,0.00041492521794634474
ttop-i,ttopi,0.0,0.07578665563187091
ttop-i,ttowi,1.0,0.8942192602133813
ttop-i,ttoli,0.0,0.014997042077373927
ttop-i,ttoi,0.0,0.014997042077373927
ttop-ti,ttopti,1.0,0.9744296627720058
ttop-ti,ttowti,0.0,0.024740486792101255
ttop-ti,ttolti,0.0,0.00041492521794634474
ttop-ti,ttoti,0.0,0.00041492521794634474
ttop-o,ttopo,0.0,0.07578665563187091
ttop-o,ttowo,1.0,0.8942192602133813
ttop-o,ttolo,0.0,0.014997042077373927
ttop-o,ttoo,0.0,0.014997042077373927
ttop-to,ttopto,1.0,0.9744296627720058
ttop-to,ttowto,0.0,0.024740486792101255
ttop-to,ttolto,0.0,0.00041492521794634474
ttop-to,ttoto,0.0,0.00041492521794634474
jep-a,jepa,0.0,0.07578665563187091
jep-a,jewa,1.0,0.8942192602133813
jep-a,jela,0.0,0.014997042077373927
jep-a,jea,0.0,0.014997042077373927
jep-ta,jepta,1.0,0.9744296627720058
jep-ta,jewta,0.0,0.024740486792101255
jep-ta,jelta,0.0,0.00041492521794634474
jep-ta,jeta,0.0,0.00041492521794634474
jep-e,jepe,0.0,0.07578665563187091
jep-e,jewe,1.0,0.8942192602133813
jep-e,jele,0.0,0.014997042077373927
jep-e,jee,0.0,0.014997042077373927
jep-te,jepte,1.0,0.9744296627720058
jep-te,jewte,0.0,0.024740486792101255
jep-te,jelte,0.0,0.00041492521794634474
jep-te,jete,0.0,0.00041492521794634474
jep-i,jepi,0.0,0.07578665563187091
jep-i,jewi,1.0,0.8942192602133813
jep-i,jeli,0.0,0.014997042077373927
jep-i,jei,0.0,0.014997042077373927
jep-ti,jepti,1.0,0.9744296627720058
jep-ti,jewti,0.0,0.024740486792101255
jep-ti,jelti,0.0,0.00041492521794634474
jep-ti,jeti,0.0,0.00041492521794634474
jep-o,jepo,0.0,0.07578665563187091
jep-o,jewo,1.0,0.8942192602133813
jep-o,jelo,0.0,0.014997042077373927
jep-o,jeo,0.0,0.014997042077373927
jep-to,jepto,1.0,0.9744296627720058
jep-to,jewto,0.0,0.024740486792101255
jep-to,jelto,0.0,0.00041492521794634474
jep-to,jeto,0.0,0.00041492521794634474
daep-a,daepa,0.0,0.07578665563187091
daep-a,daewa,1.0,0.8942192602133813
daep-a,daela,0.0,0.014997042077373927
daep-a,daea,0.0,0.014997042077373927
daep-ta,daepta,1.0,0.9744296627720058
daep-ta,daewta,0.0,0.024740486792101255
daep-ta,daelta,0.0,0.00041492521794634474
daep-ta,daeta,0.0,0.00041492521794634474
daep-e,daepe,0.0,0.07578665563187091
daep-e,daewe,1.0,0.8942192602133813
daep-e,daele,0.0,0.014997042077373927
daep-e,daee,0.0,0.014997042077373927
daep-te,daepte,1.0,0.9744296627720058
daep-te,daewte,0.0,0.024740486792101255
daep-te,daelte,0.0,0.00041492521794634474
daep-te,daete,0.0,0.00041492521794634474
daep-i,daepi,0.0,0.07578665563187091
daep-i,daewi,1.0,0.8942192602133813
daep-i,daeli,0.0,0.014997042077373927
daep-i,daei,0.0,0.014997042077373927
daep-ti,daepti,1.0,0.9744296627720058
daep-ti,daewti,0.0,0.024740486792101255
daep-ti,daelti,0.0,0.00041492521794634474
daep-ti,daeti,0.0,0.00041492521794634474
daep-o,daepo,0.0,0.07578665563187091
daep-o,daewo,1.0,0.8942192602133813
daep-o,daelo,0.0,0.014997042077373927
daep-o,daeo,0.0,0.014997042077373927
daep-to,daepto,1.0,0.9744296627720058
daep-to,daewto,0.0,0.024740486792101255
daep-to,daelto,0.0,0.00041492521794634474
daep-to,daeto,0.0,0.00041492521794634474
joep-a,joepa,0.0,0.07578665563187091
joep-a,joewa,1.0,0.8942192602133813
joep-a,joela,0.0,0.014997042077373927
joep-a,joea,0.0,0.014997042077373927
joep-ta,joepta,1.0,0.9744296627720058
joep-ta,joewta,0.0,0.024740486792101255
joep-ta,joelta,0.0,0.00041492521794634474
joep-ta,joeta,0.0,0.00041492521794634474
joep-e,joepe,0.0,0.07578665563187091
joep-e,joewe,1.0,0.8942192602133813
joep-e,joele,0.0,0.014997042077373927
joep-e,joee,0.0,0.014997042077373927
joep-te,joepte,1.0,0.9744296627720058
joep-te,joewte,0.0,0.024740486792101255
joep-te,joelte,0.0,0.00041492521794634474
joep-te,joete,0.0,0.00041492521794634474
joep-i,joepi,0.0,0.07578665563187091
joep-i,joewi,1.0,0.8942192602133813
joep-i,joeli,0.0,0.014997042077373927
joep-i,joei,0.0,0.014997042077373927
joep-ti,joepti,1.0,0.9744296627720058
joep-ti,joewti,0.0,0.024740486792101255
joep-ti,joelti,0.0,0.00041492521794634474
joep-ti,joeti,0.0,0.00041492521794634474
joep-o,joepo,0.0,0.07578665563187091
joep-o,joewo,1.0,0.8942192602133813
joep-o,joelo,0.0,0.014997042077373927
joep-o,joeo,0.0,0.014997042077373927
joep-to,joepto,1.0,0.9744296627720058
joep-to,joewto,0.0,0.024740486792101255
joep-to,joelto,0.0,0.00041492521794634474
joep-to,joeto,0.0,0.00041492521794634474
mop-a,mopa,0.0,0.07578665563187091
mop-a,mowa,1.0,0.8942192602133813
mop-a,mola,0.0,0.014997042077373927
mop-a,moa,0.0,0.014997042077373927
mop-ta,mopta,1.0,0.9744296627720058
mop-ta,mowta,0.0,0.024740486792101255
mop-ta,molta,0.0,0.00041492521794634474
mop-ta,mota,0.0,0.00041492521794634474
mop-e,mope,0.0,0.07578665563187091
mop-e,mowe,1.0,0.8942192602133813
mop-e,mole,0.0,0.014997042077373927
mop-e,moe,0.0,0.014997042077373927
mop-te,mopte,1.0,0.9744296627720058
mop-te,mowte,0.0,0.024740486792101255
mop-te,molte,0.0,0.00041492521794634474
mop-te,mote,0.0,0.00041492521794634474
mop-i,mopi,0.0,0.07578665563187091
mop-i,mowi,1.0,0.8942192602133813
mop-i,moli,0.0,0.014997042077373927
mop-i,moi,0.0,0.014997042077373927
mop-ti,mopti,1.0,0.9744296627720058
mop-ti,mowti,0.0,0.024740486792101255
mop-ti,molti,0.0,0.00041492521794634474
mop-ti,moti,0.0,0.00041492521794634474
mop-o,mopo,0.0,0.07578665563187091
mop-o,mowo,1.0,0.8942192602133813
mop-o,molo,0.0,0.014997042077373927
mop-o,moo,0.0,0.014997042077373927
mop-to,mopto,1.0,0.9744296627720058
mop-to,mowto,0.0,0.024740486792101255
mop-to,molto,0.0,0.00041492521794634474
mop-to,moto,0.0,0.00041492521794634474
mep-a,mepa,0.0,0.07578665563187091
mep-a,mewa,1.0,0.8942192602133813
mep-a,mela,0.0,0.014997042077373927
mep-a,mea,0.0,0.014997042077373927
mep-ta,mepta,1.0,0.9744296627720058
mep-ta,mewta,0.0,0.024740486792101255
mep-ta,melta,0.0,0.00041492521794634474
mep-ta,meta,0.0,0.00041492521794634474
mep-e,mepe,0.0,0.07578665563187091
mep-e,mewe,1.0,0.8942192602133813
mep-e,mele,0.0,0.014997042077373927
mep-e,mee,0.0,0.014997042077373927
mep-te,mepte,1.0,0.9744296627720058
mep-te,mewte,0.0,0.024740486792101255
mep-te,melte,0.0,0.00041492521794634474
mep-te,mete,0.0,0.00041492521794634474
mep-i,mepi,0.0,0.07578665563187091
mep-i,mewi,1.0,0.8942192602133813
mep-i,meli,0.0,0.014997042077373927
mep-i,mei,0.0,0.014997042077373927
mep-ti,mepti,1.0,0.9744296627720058
mep-ti,mewti,0.0,0.024740486792101255
mep-ti,melti,0.0,0.00041492521794634474
mep-ti,meti,0.0,0.00041492521794634474
mep-o,mepo,0.0,0.07578665563187091
mep-o,mewo,1.0,0.8942192602133813
mep-o,melo,0.0,0.014997042077373927
mep-o,meo,0.0,0.014997042077373927
mep-to,mepto,1.0,0.9744296627720058
mep-to,mewto,0.0,0.024740486792101255
mep-to,melto,0.0,0.00041492521794634474
mep-to,meto,0.0,0.00041492521794634474
ssoep-a,ssoepa,0.0,0.07578665563187091
ssoep-a,ssoewa,1.0,0.8942192602133813
ssoep-a,ssoela,0.0,0.014997042077373927
ssoep-a,ssoea,0.0,0.014997042077373927
ssoep-ta,ssoepta,1.0,0.9744296627720058
ssoep-ta,ssoewta,0.0,0.024740486792101255
ssoep-ta,ssoelta,0.0,0.00041492521794634474
ssoep-ta,ssoeta,0.0,0.00041492521794634474
ssoep-e,ssoepe,0.0,0.07578665563187091
ssoep-e,ssoewe,1.0,0.8942192602133813
ssoep-e,ssoele,0.0,0.014997042077373927
ssoep-e,ssoee,0.0,0.014997042077373927
ssoep-te,ssoepte,1.0,0.9744296627720058
ssoep-te,ssoewte,0.0,0.024740486792101255
ssoep-te,ssoelte,0.0,0.00041492521794634474
ssoep-te,ssoete,0.0,0.00041492521794634474
ssoep-i,ssoepi,0.0,0.07578665563187091
ssoep-i,ssoewi,1.0,0.8942192602133813
ssoep-i,ssoeli,0.0,0.014997042077373927
ssoep-i,ssoei,0.0,0.014997042077373927
ssoep-ti,ssoepti,1.0,0.9744296627720058
ssoep-ti,ssoewti,0.0,0.024740486792101255
ssoep-ti,ssoelti,0.0,0.00041492521794634474
ssoep-ti,ssoeti,0.0,0.00041492521794634474
ssoep-o,ssoepo,0.0,0.07578665563187091
ssoep-o,ssoewo,1.0,0.8942192602133813
ssoep-o,ssoelo,0.0,0.014997042077373927
ssoep-o,ssoeo,0.0,0.014997042077373927
ssoep-to,ssoepto,1.0,0.9744296627720058
ssoep-to,ssoewto,0.0,0.024740486792101255
ssoep-to,ssoelto,0.0,0.00041492521794634474
ssoep-to,ssoeto,0.0,0.00041492521794634474
ttaep-a,ttaepa,0.0,0.07578665563187091
ttaep-a,ttaewa,1.0,0.8942192602133813
ttaep-a,ttaela,0.0,0.014997042077373927
ttaep-a,ttaea,0.0,0.014997042077373927
ttaep-ta,ttaepta,1.0,0.9744296627720058
ttaep-ta,ttaewta,0.0,0.024740486792101255
ttaep-ta,ttaelta,0.0,0.00041492521794634474
ttaep-ta,ttaeta,0.0,0.00041492521794634474
ttaep-e,ttaepe,0.0,0.07578665563187091
ttaep-e,ttaewe,1.0,0.8942192602133813
ttaep-e,ttaele,0.0,0.014997042077373927
ttaep-e,ttaee,0.0,0.014997042077373927
ttaep-te,ttaepte,1.0,0.9744296627720058
ttaep-te,ttaewte,0.0,0.024740486792101255
ttaep-te,ttaelte,0.0,0.00041492521794634474
ttaep-te,ttaete,0.0,0.00041492521794634474
ttaep-i,ttaepi,0.0,0.07578665563187091
ttaep-i,ttaewi,1.0,0.8942192602133813
ttaep-i,ttaeli,0.0,0.014997042077373927
ttaep-i,ttaei,0.0,0.014997042077373927
ttaep-ti,ttaepti,1.0,0.9744296627720058
ttaep-ti,ttaewti,0.0,0.024740486792101255
ttaep-ti,ttaelti,0.0,0.00041492521794634474
ttaep-ti,ttaeti,0.0,0.00041492521794634474
ttaep-o,ttaepo,0.0,0.07578665563187091
ttaep-o,ttaewo,1.0,0.8942192602133813
ttaep-o,ttaelo,0.0,0.014997042077373927
ttaep-o,ttaeo,0.0,0.014997042077373927
ttaep-to,ttaepto,1.0,0.9744296627720058
ttaep-to,ttaewto,0.0,0.024740486792101255
ttaep-to,ttaelto,0.0,0.00041492521794634474
ttaep-to,ttaeto,0.0,0.00041492521794634474
reop-a,reopa,0.0,0.07578665563187091
reop-a,reowa,1.0,0.8942192602133813
reop-a,reola,0.0,0.014997042077373927
reop-a,reoa,0.0,0.014997042077373927
reop-ta,reopta,1.0,0.9744296627720058
reop-ta,reowta,0.0,0.024740486792101255
reop-ta,reolta,0.0,0.00041492521794634474
reop-ta,reota,0.0,0.00041492521794634474
reop-e,reope,0.0,0.07578665563187091
reop-e,reowe,1.0,0.8942192602133813
reop-e,reole,0.0,0.014997042077373927
reop-e,reoe,0.0,0.014997042077373927
reop-te,reopte,1.0,0.9744296627720058
reop-te,reowte,0.0,0.024740486792101255
reop-te,reolte,0.0,0.00041492521794634474
reop-te,reote,0.0,0.00041492521794634474
reop-i,reopi,0.0,0.07578665563187091
reop-i,reowi,1.0,0.8942192602133813
reop-i,reoli,0.0,0.014997042077373927
reop-i,reoi,0.0,0.014997042077373927
reop-ti,reopti,1.0,0.9744296627720058
reop-ti,reowti,0.0,0.024740486792101255
reop-ti,reolti,0.0,0.00041492521794634474
reop-ti,reoti,0.0,0.00041492521794634474
reop-o,reopo,0.0,0.07578665563187091
reop-o,reowo,1.0,0.8942192602133813
reop-o,reolo,0.0,0.014997042077373927
reop-o,reoo,0.0,0.014997042077373927
reop-to,reopto,1.0,0.9744296627720058
reop-to,reowto,0.0,0.024740486792101255
reop-to,reolto,0.0,0.00041492521794634474
reop-to,reoto,0.0,0.00041492521794634474
jjop-a,jjopa,0.0,0.07578665563187091
jjop-a,jjowa,1.0,0.8942192602133813
jjop-a,jjola,0.0,0.014997042077373927
jjop-a,jjoa,0.0,0.014997042077373927
jjop-ta,jjopta,1.0,0.9744296627720058
jjop-ta,jjowta,0.0,0.024740486792101255
jjop-ta,jjolta,0.0,0.00041492521794634474
jjop-ta,jjota,0.0,0.00041492521794634474
jjop-e,jjope,0.0,0.07578665563187091
jjop-e,jjowe,1.0,0.8942192602133813
jjop-e,jjole,0.0,0.014997042077373927
jjop-e,jjoe,0.0,0.014997042077373927
jjop-te,jjopte,1.0,0.9744296627720058
jjop-te,jjowte,0.0,0.024740486792101255
jjop-te,jjolte,0.0,0.00041492521794634474
jjop-te,jjote,0.0,0.00041492521794634474
jjop-i,jjopi,0.0,0.07578665563187091
jjop-i,jjowi,1.0,0.8942192602133813
jjop-i,jjoli,0.0,0.014997042077373927
jjop-i,jjoi,0.0,0.014997042077373927
jjop-ti,jjopti,1.0,0.9744296627720058
jjop-ti,jjowti,0.0,0.024740486792101255
jjop-ti,jjolti,0.0,0.00041492521794634474
jjop-ti,jjoti,0.0,0.00041492521794634474
jjop-o,jjopo,0.0,0.07578665563187091
jjop-o,jjowo,1.0,0.8942192602133813
jjop-o,jjolo,0.0,0.014997042077373927
jjop-o,jjoo,0.0,0.014997042077373927
jjop-to,jjopto,1.0,0.9744296627720058
jjop-to,jjowto,0.0,0.024740486792101255
jjop-to,jjolto,0.0,0.00041492521794634474
jjop-to,jjoto,0.0,0.00041492521794634474
ppap-a,ppapa,0.0,0.07578665563187091
ppap-a,ppawa,1.0,0.8942192602133813
ppap-a,ppala,0.0,0.014997042077373927
ppap-a,ppaa,0.0,0.014997042077373927
ppap-ta,ppapta,1.0,0.9744296627720058
ppap-ta,ppawta,0.0,0.024740486792101255
ppap-ta,ppalta,0.0,0.00041492521794634474
ppap-ta,ppata,0.0,0.00041492521794634474
ppap-e,ppape,0.0,0.07578665563187091
ppap-e,ppawe,1.0,0.8942192602133813
ppap-e,ppale,0.0,0.014997042077373927
ppap-e,ppae,0.0,0.014997042077373927
ppap-te,ppapte,1.0,0.9744296627720058
ppap-te,ppawte,0.0,0.024740486792101255
ppap-te,ppalte,0.0,0.00041492521794634474
ppap-te,ppate,0.0,0.00041492521794634474
ppap-i,ppapi,0.0,0.07578665563187091
ppap-i,ppawi,1.0,0.8942192602133813
ppap-i,ppali,0.0,0.014997042077373927
ppap-i,ppai,0.0,0.014997042077373927
ppap-ti,ppapti,1.0,0.9744296627720058
ppap-ti,ppawti,0.0,0.024740486792101255
ppap-ti,ppalti,0.0,0.00041492521794634474
ppap-ti,ppati,0.0,0.00041492521794634474
ppap-o,ppapo,0.0,0.07578665563187091
ppap-o,ppawo,1.0,0.8942192602133813
ppap-o,ppalo,0.0,0.014997042077373927
ppap-o,ppao,0.0,0.014997042077373927
ppap-to,ppapto,1.0,0.9744296627720058
ppap-to,ppawto,0.0,0.024740486792101255
ppap-to,ppalto,0.0,0.00041492521794634474
ppap-to,ppato,0.0,0.00041492521794634474
jaep-a,jaepa,1.0,0.07578665563187091
jaep-a,jaewa,0.0,0.8942192602133813
jaep-a,jaela,0.0,0.014997042077373927
jaep-a,jaea,0.0,0.014997042077373927
jaep-ta,jaepta,1.0,0.9744296627720058
jaep-ta,jaewta,0.0,0.024740486792101255
jaep-ta,jaelta,0.0,0.00041492521794634474
jaep-ta,jaeta,0.0,0.00041492521794634474
jaep-e,jaepe,1.0,0.07578665563187091
jaep-e,jaewe,0.0,0.8942192602133813
jaep-e,jaele,0.0,0.014997042077373927
jaep-e,jaee,0.0,0.014997042077373927
jaep-te,jaepte,1.0,0.9744296627720058
jaep-te,jaewte,0.0,0.024740486792101255
jaep-te,jaelte,0.0,0.00041492521794634474
jaep-te,jaete,0.0,0.00041492521794634474
jaep-i,jaepi,1.0,0.07578665563187091
jaep-i,jaewi,0.0,0.8942192602133813
jaep-i,jaeli,0.0,0.014997042077373927
jaep-i,jaei,0.0,0.014997042077373927
jaep-ti,jaepti,1.0,0.9744296627720058
jaep-ti,jaewti,0.0,0.024740486792101255
jaep-ti,jaelti,0.0,0.00041492521794634474
jaep-ti,jaeti,0.0,0.00041492521794634474
jaep-o,jaepo,1.0,0.07578665563187091
jaep-o,jaewo,0.0,0.8942192602133813
jaep-o,jaelo,0.0,0.014997042077373927
jaep-o,jaeo,0.0,0.014997042077373927
jaep-to,jaepto,1.0,0.9744296627720058
jaep-to,jaewto,0.0,0.024740486792101255
jaep-to,jaelto,0.0,0.00041492521794634474
jaep-to,jaeto,0.0,0.00041492521794634474
kkep-a,kkepa,1.0,0.07578665563187091
kkep-a,kkewa,0.0,0.8942192602133813
kkep-a,kkela,0.0,0.014997042077373927
kkep-a,kkea,0.0,0.014997042077373927
kkep-ta,kkepta,1.0,0.9744296627720058
kkep-ta,kkewta,0.0,0.024740486792101255
kkep-ta,kkelta,0.0,0.00041492521794634474
kkep-ta,kketa,0.0,0.00041492521794634474
kkep-e,kkepe,1.0,0.07578665563187091
kkep-e,kkewe,0.0,0.8942192602133813
kkep-e,kkele,0.0,0.014997042077373927
kkep-e,kkee,0.0,0.014997042077373927
kkep-te,kkepte,1.0,0.9744296627720058
kkep-te,kkewte,0.0,0.024740486792101255
kkep-te,kkelte,0.0,0.00041492521794634474
kkep-te,kkete,0.0,0.00041492521794634474
kkep-i,kkepi,1.0,0.07578665563187091
kkep-i,kkewi,0.0,0.8942192602133813
kkep-i,kkeli,0.0,0.014997042077373927
kkep-i,kkei,0.0,0.014997042077373927
kkep-ti,kkepti,1.0,0.9744296627720058
kkep-ti,kkewti,0.0,0.024740486792101255
kkep-ti,kkelti,0.0,0.00041492521794634474
kkep-ti,kketi,0.0,0.00041492521794634474
kkep-o,kkepo,1.0,0.07578665563187091
kkep-o,kkewo,0.0,0.8942192602133813
kkep-o,kkelo,0.0,0.014997042077373927
kkep-o,kkeo,0.0,0.014997042077373927
kkep-to,kkepto,1.0,0.9744296627720058
kkep-to,kkewto,0.0,0.024740486792101255
kkep-to,kkelto,0.0,0.00041492521794634474
kkep-to,kketo,0.0,0.00041492521794634474
jjip-a,jjipa,1.0,0.07578665563187091
jjip-a,jjiwa,0.0,0.8942192602133813
jjip-a,jjila,0.0,0.014997042077373927
jjip-a,jjia,0.0,0.014997042077373927
jjip-ta,jjipta,1.0,0.9744296627720058
jjip-ta,jjiwta,0.0,0.024740486792101255
jjip-ta,jjilta,0.0,0.00041492521794634474
jjip-ta,jjita,0.0,0.00041492521794634474
jjip-e,jjipe,1.0,0.07578665563187091
jjip-e,jjiwe,0.0,0.8942192602133813
jjip-e,jjile,0.0,0.014997042077373927
jjip-e,jjie,0.0,0.014997042077373927
jjip-te,jjipte,1.0,0.9744296627720058
jjip-te,jjiwte,0.0,0.024740486792101255
jjip-te,jjilte,0.0,0.00041492521794634474
jjip-te,jjite,0.0,0.00041492521794634474
jjip-i,jjipi,1.0,0.07578665563187091
jjip-i,jjiwi,0.0,0.8942192602133813
jjip-i,jjili,0.0,0.014997042077373927
jjip-i,jjii,0.0,0.014997042077373927
jjip-ti,jjipti,1.0,0.9744296627720058
jjip-ti,jjiwti,0.0,0.024740486792101255
jjip-ti,jjilti,0.0,0.00041492521794634474
jjip-ti,jjiti,0.0,0.00041492521794634474
jjip-o,jjipo,1.0,0.07578665563187091
jjip-o,jjiwo,0.0,0.8942192602133813
jjip-o,jjilo,0.0,0.014997042077373927
jjip-o,jjio,0.0,0.014997042077373927
jjip-to,jjipto,1.0,0.9744296627720058
jjip-to,jjiwto,0.0,0.024740486792101255
jjip-to,jjilto,0.0,0.00041492521794634474
jjip-to,jjito,0.0,0.00041492521794634474
rap-a,rapa,1.0,0.07578665563187091
rap-a,rawa,0.0,0.8942192602133813
rap-a,rala,0.0,0.014997042077373927
rap-a,raa,0.0,0.014997042077373927
rap-ta,rapta,1.0,0.9744296627720058
rap-ta,rawta,0.0,0.024740486792101255
rap-ta,ralta,0.0,0.00041492521794634474
rap-ta,rata,0.0,0.00041492521794634474
rap-e,rape,1.0,0.07578665563187091
rap-e,rawe,0.0,0.8942192602133813
rap-e,rale,0.0,0.014997042077373927
rap-e,rae,0.0,0.014997042077373927
rap-te,rapte,1.0,0.9744296627720058
rap-te,rawte,0.0,0.024740486792101255
rap-te,ralte,0.0,0.00041492521794634474
rap-te,rate,0.0,0.00041492521794634474
rap-i,rapi,1.0,0.07578665563187091
rap-i,rawi,0.0,0.8942192602133813
rap-i,rali,0.0,0.014997042077373927
rap-i,rai,0.0,0.014997042077373927
rap-ti,rapti,1.0,0.9744296627720058
rap-ti,rawti,0.0,0.024740486792101255
rap-ti,ralti,0.0,0.00041492521794634474
rap-ti,rati,0.0,0.00041492521794634474
rap-o,rapo,1.0,0.07578665563187091
rap-o,rawo,0.0,0.8942192602133813
rap-o,ralo,0.0,0.014997042077373927
rap-o,rao,0.0,0.014997042077373927
rap-to,rapto,1.0,0.9744296627720058
rap-to,rawto,0.0,0.024740486792101255
rap-to,ralto,0.0,0.00041492521794634474
rap-to,rato,0.0,0.00041492521794634474
toep-a,toepa,1.0,0.07578665563187091
toep-a,toewa,0.0,0.8942192602133813
toep-a,toela,0.0,0.014997042077373927
toep-a,toea,0.0,0.014997042077373927
toep-ta,toepta,1.0,0.9744296627720058
toep-ta,toewta,0.0,0.024740486792101255
toep-ta,toelta,0.0,0.00041492521794634474
toep-ta,toeta,0.0,0.00041492521794634474
toep-e,toepe,1.0,0.07578665563187091
toep-e,toewe,0.0,0.8942192602133813
toep-e,toele,0.0,0.014997042077373927
toep-e,toee,0.0,0.014997042077373927
toep-te,toepte,1.0,0.9744296627720058
toep-te,toewte,0.0,0.024740486792101255
toep-te,toelte,0.0,0.00041492521794634474
toep-te,toete,0.0,0.00041492521794634474
toep-i,toepi,1.0,0.07578665563187091
toep-i,toewi,0.0,0.8942192602133813
toep-i,toeli,0.0,0.014997042077373927
toep-i,toei,0.0,0.014997042077373927
toep-ti,toepti,1.0,0.9744296627720058
toep-ti,toewti,0.0,0.024740486792101255
toep-ti,toelti,0.0,0.00041492521794634474
toep-ti,toeti,0.0,0.00041492521794634474
toep-o,toepo,1.0,0.07578665563187091
toep-o,toewo,0.0,0.8942192602133813
toep-o,toelo,0.0,0.014997042077373927
toep-o,toeo,0.0,0.014997042077373927
toep-to,toepto,1.0,0.9744296627720058
toep-to,toewto,0.0,0.024740486792101255
toep-to,toelto,0.0,0.00041492521794634474
toep-to,toeto,0.0,0.00041492521794634474
tat-a,tata,0.0,0.07578665563187091
tat-a,taja,0.0,0.8942192602133813
tat-a,tala,1.0,0.014997042077373927
tat-a,taa,0.0,0.014997042077373927
tat-ta,tatta,1.0,0.9744296627720058
tat-ta,tajta,0.0,0.024740486792101255
tat-ta,talta,0.0,0.00041492521794634474
tat-ta,tata,0.0,0.00041492521794634474
tat-e,tate,0.0,0.07578665563187091
tat-e,taje,0.0,0.8942192602133813
tat-e,tale,1.0,0.014997042077373927
tat-e,tae,0.0,0.014997042077373927
tat-te,tatte,1.0,0.9744296627720058
tat-te,tajte,0.0,0.024740486792101255
tat-te,talte,0.0,0.00041492521794634474
tat-te,tate,0.0,0.00041492521794634474
tat-i,tati,0.0,0.07578665563187091
tat-i,taji,0.0,0.8942192602133813
tat-i,tali,1.0,0.014997042077373927
tat-i,tai,0.0,0.014997042077373927
tat-ti,tatti,1.0,0.9744296627720058
tat-ti,tajti,0.0,0.024740486792101255
tat-ti,talti,0.0,0.00041492521794634474
tat-ti,tati,0.0,0.00041492521794634474
tat-o,tato,0.0,0.07578665563187091
tat-o,tajo,0.0,0.8942192602133813
tat-o,talo,1.0,0.014997042077373927
tat-o,tao,0.0,0.014997042077373927
tat-to,tatto,1.0,0.9744296627720058
tat-to,tajto,0.0,0.024740486792101255
tat-to,talto,0.0,0.00041492521794634474
tat-to,tato,0.0,0.00041492521794634474
jat-a,jata,0.0,0.07578665563187091
jat-a,jaja,0.0,0.8942192602133813
jat-a,jala,1.0,0.014997042077373927
jat-a,jaa,0.0,0.014997042077373927
jat-ta,jatta,1.0,0.9744296627720058
jat-ta,jajta,0.0,0.024740486792101255
jat-ta,jalta,0.0,0.00041492521794634474
jat-ta,jata,0.0,0.00041492521794634474
jat-e,jate,0.0,0.07578665563187091
jat-e,jaje,0.0,0.8942192602133813
jat-e,jale,1.0,0.014997042077373927
jat-e,jae,0.0,0.014997042077373927
jat-te,jatte,1.0,0.9744296627720058
jat-te,jajte,0.0,0.024740486792101255
jat-te,jalte,0.0,0.00041492521794634474
jat-te,jate,0.0,0.00041492521794634474
jat-i,jati,0.0,0.07578665563187091
jat-i,jaji,0.0,0.8942192602133813
jat-i,jali,1.0,0.014997042077373927
jat-i,jai,0.0,0.014997042077373927
jat-ti,jatti,1.0,0.9744296627720058
jat-ti,jajti,0.0,0.024740486792101255
jat-ti,jalti,0.0,0.00041492521794634474
jat-ti,jati,0.0,0.00041492521794634474
jat-o,jato,0.0,0.07578665563187091
jat-o,jajo,0.0,0.8942192602133813
jat-o,jalo,1.0,0.014997042077373927
jat-o,jao,0.0,0.014997042077373927
jat-to,jatto,1.0,0.9744296627720058
jat-to,jajto,0.0,0.024740486792101255
jat-to,jalto,0.0,0.00041492521794634474
jat-to,jato,0.0,0.00041492521794634474
ket-a,keta,0.0,0.07578665563187091
ket-a,keja,0.0,0.8942192602133813
ket-a,kela,1.0,0.014997042077373927
ket-a,kea,0.0,0.014997042077373927
ket-ta,ketta,1.0,0.9744296627720058
ket-ta,kejta,0.0,0.024740486792101255
ket-ta,kelta,0.0,0.00041492521794634474
ket-ta,keta,0.0,0.00041492521794634474
ket-e,kete,0.0,0.07578665563187091
ket-e,keje,0.0,0.8942192602133813
ket-e,kele,1.0,0.014997042077373927
ket-e,kee,0.0,0.014997042077373927
ket-te,kette,1.0,0.9744296627720058
ket-te,kejte,0.0,0.024740486792101255
ket-te,kelte,0.0,0.00041492521794634474
ket-te,kete,0.0,0.00041492521794634474
ket-i,keti,0.0,0.07578665563187091
ket-i,keji,0.0,0.8942192602133813
ket-i,keli,1.0,0.014997042077373927
ket-i,kei,0.0,0.014997042077373927
ket-ti,ketti,1.0,0.9744296627720058
ket-ti,kejti,0.0,0.024740486792101255
ket-ti,kelti,0.0,0.00041492521794634474
ket-ti,keti,0.0,0.00041492521794634474
ket-o,keto,0.0,0.07578665563187091
ket-o,kejo,0.0,0.8942192602133813
ket-o,kelo,1.0,0.014997042077373927
ket-o,keo,0.0,0.014997042077373927
ket-to,ketto,1.0,0.9744296627720058
ket-to,kejto,0.0,0.024740486792101255
ket-to,kelto,0.0,0.00041492521794634474
ket-to,keto,0.0,0.00041492521794634474
pot-a,pota,0.0,0.07578665563187091
pot-a,poja,0.0,0.8942192602133813
pot-a,pola,1.0,0.014997042077373927
pot-a,poa,0.0,0.014997042077373927
pot-ta,potta,1.0,0.9744296627720058
pot-ta,pojta,0.0,0.024740486792101255
pot-ta,polta,0.0,0.00041492521794634474
pot-ta,pota,0.0,0.00041492521794634474
pot-e,pote,0.0,0.07578665563187091
pot-e,poje,0.0,0.8942192602133813
pot-e,pole,1.0,0.014997042077373927
pot-e,poe,0.0,0.014997042077373927
pot-te,potte,1.0,0.9744296627720058
pot-te,pojte,0.0,0.024740486792101255
pot-te,polte,0.0,0.00041492521794634474
pot-te,pote,0.0,0.00041492521794634474
pot-i,poti,0.0,0.07578665563187091
pot-i,poji,0.0,0.8942192602133813
pot-i,poli,1.0,0.014997042077373927
pot-i,poi,0.0,0.014997042077373927
pot-ti,potti,1.0,0.9744296627720058
pot-ti,pojti,0.0,0.024740486792101255
pot-ti,polti,0.0,0.00041492521794634474
pot-ti,poti,0.0,0.00041492521794634474
pot-o,poto,0.0,0.07578665563187091
pot-o,pojo,0.0,0.8942192602133813
pot-o,polo,1.0,0.014997042077373927
pot-o,poo,0.0,0.014997042077373927
pot-to,potto,1.0,0.9744296627720058
pot-to,pojto,0.0,0.024740486792101255
pot-to,polto,0.0,0.00041492521794634474
pot-to,poto,0.0,0.00041492521794634474
chit-a,chita,0.0,0.07578665563187091
chit-a,chija,0.0,0.8942192602133813
chit-a,chila,1.0,0.014997042077373927
chit-a,chia,0.0,0.014997042077373927
chit-ta,chitta,1.0,0.9744296627720058
chit-ta,chijta,0.0,0.024740486792101255
chit-ta,chilta,0.0,0.00041492521794634474
chit-ta,chita,0.0,0.00041492521794634474
chit-e,chite,0.0,0.07578665563187091
chit-e,chije,0.0,0.8942192602133813
chit-e,chile,1.0,0.014997042077373927
chit-e,chie,0.0,0.014997042077373927
chit-te,chitte,1.0,0.9744296627720058
chit-te,chijte,0.0,0.024740486792101255
chit-te,chilte,0.0,0.00041492521794634474
chit-te,chite,0.0,0.00041492521794634474
chit-i,chiti,0.0,0.07578665563187091
chit-i,chiji,0.0,0.8942192602133813
chit-i,chili,1.0,0.014997042077373927
chit-i,chii,0.0,0.014997042077373927
chit-ti,chitti,1.0,0.9744296627720058
chit-ti,chijti,0.0,0.024740486792101255
chit-ti,chilti,0.0,0.00041492521794634474
chit-ti,chiti,0.0,0.00041492521794634474
chit-o,chito,0.0,0.07578665563187091
chit-o,chijo,0.0,0.8942192602133813
chit-o,chilo,1.0,0.014997042077373927
chit-o,chio,0.0,0.014997042077373927
chit-to,chitto,1.0,0.9744296627720058
chit-to,chijto,0.0,0.024740486792101255
chit-to,chilto,0.0,0.00041492521794634474
chit-to,chito,0.0,0.00041492521794634474
ppeut-a,ppeuta,1.0,0.07578665563187091
ppeut-a,ppeuja,0.0,0.8942192602133813
ppeut-a,ppeula,0.0,0.014997042077373927
ppeut-a,ppeua,0.0,0.014997042077373927
ppeut-ta,ppeutta,1.0,0.9744296627720058
ppeut-ta,ppeujta,0.0,0.024740486792101255
ppeut-ta,ppeulta,0.0,0.00041492521794634474
ppeut-ta,ppeuta,0.0,0.00041492521794634474
ppeut-e,ppeute,1.0,0.07578665563187091
ppeut-e,ppeuje,0.0,0.8942192602133813
ppeut-e,ppeule,0.0,0.014997042077373927
ppeut-e,ppeue,0.0,0.014997042077373927
ppeut-te,ppeutte,1.0,0.9744296627720058
ppeut-te,ppeujte,0.0,0.024740486792101255
ppeut-te,ppeulte,0.0,0.00041492521794634474
ppeut-te,ppeute,0.0,0.00041492521794634474
ppeut-i,ppeuti,1.0,0.07578665563187091
ppeut-i,ppeuji,0.0,0.8942192602133813
ppeut-i,ppeuli,0.0,0.014997042077373927
ppeut-i,ppeui,0.0,0.014997042077373927
ppeut-ti,ppeutti,1.0,0.9744296627720058
ppeut-ti,ppeujti,0.0,0.024740486792101255
ppeut-ti,ppeulti,0.0,0.00041492521794634474
ppeut-ti,ppeuti,0.0,0.00041492521794634474
ppeut-o,ppeuto,1.0,0.07578665563187091
ppeut-o,ppeujo,0.0,0.8942192602133813
ppeut-o,ppeulo,0.0,0.014997042077373927
ppeut-o,ppeuo,0.0,0.014997042077373927
ppeut-to,ppeutto,1.0,0.9744296627720058
ppeut-to,ppeujto,0.0,0.024740486792101255
ppeut-to,ppeulto,0.0,0.00041492521794634474
ppeut-to,ppeuto,0.0,0.00041492521794634474
goet-a,goeta,1.0,0.07578665563187091
goet-a,goeja,0.0,0.8942192602133813
goet-a,goela,0.0,0.014997042077373927
goet-a,goea,0.0,0.014997042077373927
goet-ta,goetta,1.0,0.9744296627720058
goet-ta,goejta,0.0,0.024740486792101255
goet-ta,goelta,0.0,0.00041492521794634474
goet-ta,goeta,0.0,0.00041492521794634474
goet-e,goete,1.0,0.07578665563187091
goet-e,goeje,0.0,0.8942192602133813
goet-e,goele,0.0,0.014997042077373927
goet-e,goee,0.0,0.014997042077373927
goet-te,goette,1.0,0.9744296627720058
goet-te,goejte,0.0,0.024740486792101255
goet-te,goelte,0.0,0.00041492521794634474
goet-te,goete,0.0,0.00041492521794634474
goet-i,goeti,1.0,0.07578665563187091
goet-i,goeji,0.0,0.8942192602133813
goet-i,goeli,0.0,0.014997042077373927
goet-i,goei,0.0,0.014997042077373927
goet-ti,goetti,1.0,0.9744296627720058
goet-ti,goejti,0.0,0.024740486792101255
goet-ti,goelti,0.0,0.00041492521794634474
goet-ti,goeti,0.0,0.00041492521794634474
goet-o,goeto,1.0,0.07578665563187091
goet-o,goejo,0.0,0.8942192602133813
goet-o,goelo,0.0,0.014997042077373927
goet-o,goeo,0.0,0.014997042077373927
goet-to,goetto,1.0,0.9744296627720058
goet-to,goejto,0.0,0.024740486792101255
goet-to,goelto,0.0,0.00041492521794634474
goet-to,goeto,0.0,0.00041492521794634474
jot-a,jota,1.0,0.07578665563187091
jot-a,joja,0.0,0.8942192602133813
jot-a,jola,0.0,0.014997042077373927
jot-a,joa,0.0,0.014997042077373927
jot-ta,jotta,1.0,0.9744296627720058
jot-ta,jojta,0.0,0.024740486792101255
jot-ta,jolta,0.0,0.00041492521794634474
jot-ta,jota,0.0,0.00041492521794634474
jot-e,jote,1.0,0.07578665563187091
jot-e,joje,0.0,0.8942192602133813
jot-e,jole,0.0,0.014997042077373927
jot-e,joe,0.0,0.014997042077373927
jot-te,jotte,1.0,0.9744296627720058
jot-te,jojte,0.0,0.024740486792101255
jot-te,jolte,0.0,0.00041492521794634474
jot-te,jote,0.0,0.00041492521794634474
jot-i,joti,1.0,0.07578665563187091
jot-i,joji,0.0,0.8942192602133813
jot-i,joli,0.0,0.014997042077373927
jot-i,joi,0.0,0.014997042077373927
jot-ti,jotti,1.0,0.9744296627720058
jot-ti,jojti,0.0,0.024740486792101255
jot-ti,jolti,0.0,0.00041492521794634474
jot-ti,joti,0.0,0.00041492521794634474
jot-o,joto,1.0,0.07578665563187091
jot-o,jojo,0.0,0.8942192602133813
jot-o,jolo,0.0,0.014997042077373927
jot-o,joo,0.0,0.014997042077373927
jot-to,jotto,1.0,0.9744296627720058
jot-to,jojto,0.0,0.024740486792101255
jot-to,jolto,0.0,0.00041492521794634474
jot-to,joto,0.0,0.00041492521794634474
pput-a,pputa,1.0,0.07578665563187091
pput-a,ppuja,0.0,0.8942192602133813
pput-a,ppula,0.0,0.014997042077373927
pput-a,ppua,0.0,0.014997042077373927
pput-ta,pputta,1.0,0.9744296627720058
pput-ta,ppujta,0.0,0.024740486792101255
pput-ta,ppulta,0.0,0.00041492521794634474
pput-ta,pputa,0.0,0.00041492521794634474
pput-e,ppute,1.0,0.07578665563187091
pput-e,ppuje,0.0,0.8942192602133813
pput-e,ppule,0.0,0.014997042077373927
pput-e,ppue,0.0,0.014997042077373927
pput-te,pputte,1.0,0.9744296627720058
pput-te,ppujte,0.0,0.024740486792101255
pput-te,ppulte,0.0,0.00041492521794634474
pput-te,ppute,0.0,0.00041492521794634474
pput-i,pputi,1.0,0.07578665563187091
pput-i,ppuji,0.0,0.8942192602133813
pput-i,ppuli,0.0,0.014997042077373927
pput-i,ppui,0.0,0.014997042077373927
pput-ti,pputti,1.0,0.9744296627720058
pput-ti,ppujti,0.0,0.024740486792101255
pput-ti,ppulti,0.0,0.00041492521794634474
pput-ti,pputi,0.0,0.00041492521794634474
pput-o,pputo,1.0,0.07578665563187091
pput-o,ppujo,0.0,0.8942192602133813
pput-o,ppulo,0.0,0.014997042077373927
pput-o,ppuo,0.0,0.014997042077373927
pput-to,pputto,1.0,0.9744296627720058
pput-to,ppujto,0.0,0.024740486792101255
pput-to,ppulto,0.0,0.00041492521794634474
pput-to,pputo,0.0,0.00041492521794634474
nat-a,nata,1.0,0.07578665563187091
nat-a,naja,0.0,0.8942192602133813
nat-a,nala,0.0,0.014997042077373927
nat-a,naa,0.0,0.014997042077373927
nat-ta,natta,1.0,0.9744296627720058
nat-ta,najta,0.0,0.024740486792101255
nat-ta,nalta,0.0,0.00041492521794634474
nat-ta,nata,0.0,0.00041492521794634474
nat-e,nate,1.0,0.07578665563187091
nat-e,naje,0.0,0.8942192602133813
nat-e,nale,0.0,0.014997042077373927
nat-e,nae,0.0,0.014997042077373927
nat-te,natte,1.0,0.9744296627720058
nat-te,najte,0.0,0.024740486792101255
nat-te,nalte,0.0,0.00041492521794634474
nat-te,nate,0.0,0.00041492521794634474
nat-i,nati,1.0,0.07578665563187091
nat-i,naji,0.0,0.8942192602133813
nat-i,nali,0.0,0.014997042077373927
nat-i,nai,0.0,0.014997042077373927
nat-ti,natti,1.0,0.9744296627720058
nat-ti,najti,0.0,0.024740486792101255
nat-ti,nalti,0.0,0.00041492521794634474
nat-ti,nati,0.0,0.00041492521794634474
nat-o,nato,1.0,0.07578665563187091
nat-o,najo,0.0,0.8942192602133813
nat-o,nalo,0.0,0.014997042077373927
nat-o,nao,0.0,0.014997042077373927
nat-to,natto,1.0,0.9744296627720058
nat-to,najto,0.0,0.024740486792101255
nat-to,nalto,0.0,0.00041492521794634474
nat-to,nato,0.0,0.00041492521794634474
kkut-a,kkuta,1.0,0.07578665563187091
kkut-a,kkuja,0.0,0.8942192602133813
kkut-a,kkula,0.0,0.014997042077373927
kkut-a,kkua,0.0,0.014997042077373927
kkut-ta,kkutta,1.0,0.9744296627720058
kkut-ta,kkujta,0.0,0.024740486792101255
kkut-ta,kkulta,0.0,0.00041492521794634474
kkut-ta,kkuta,0.0,0.00041492521794634474
kkut-e,kkute,1.0,0.07578665563187091
kkut-e,kkuje,0.0,0.8942192602133813
kkut-e,kkule,0.0,0.014997042077373927
kkut-e,kkue,0.0,0.014997042077373927
kkut-te,kkutte,1.0,0.9744296627720058
kkut-te,kkujte,0.0,0.024740486792101255
kkut-te,kkulte,0.0,0.00041492521794634474
kkut-te,kkute,0.0,0.00041492521794634474
kkut-i,kkuti,1.0,0.07578665563187091
kkut-i,kkuji,0.0,0.8942192602133813
kkut-i,kkuli,0.0,0.014997042077373927
kkut-i,kkui,0.0,0.014997042077373927
kkut-ti,kkutti,1.0,0.9744296627720058
kkut-ti,kkujti,0.0,0.024740486792101255
kkut-ti,kkulti,0.0,0.00041492521794634474
kkut-ti,kkuti,0.0,0.00041492521794634474
kkut-o,kkuto,1.0,0.07578665563187091
kkut-o,kkujo,0.0,0.8942192602133813
kkut-o,kkulo,0.0,0.014997042077373927
kkut-o,kkuo,0.0,0.014997042077373927
kkut-to,kkutto,1.0,0.9744296627720058
kkut-to,kkujto,0.0,0.024740486792101255
kkut-to,kkulto,0.0,0.00041492521794634474
kkut-to,kkuto,0.0,0.00041492521794634474
sit-a,sita,1.0,0.07578665563187091
sit-a,sija,0.0,0.8942192602133813
sit-a,sila,0.0,0.014997042077373927
sit-a,sia,0.0,0.014997042077373927
sit-ta,sitta,1.0,0.9744296627720058
sit-ta,sijta,0.0,0.024740486792101255
sit-ta,silta,0.0,0.00041492521794634474
sit-ta,sita,0.0,0.00041492521794634474
sit-e,site,1.0,0.07578665563187091
sit-e,sije,0.0,0.8942192602133813
sit-e,sile,0.0,0.014997042077373927
sit-e,sie,0.0,0.014997042077373927
sit-te,sitte,1.0,0.9744296627720058
sit-te,sijte,0.0,0.024740486792101255
sit-te,silte,0.0,0.00041492521794634474
sit-te,site,0.0,0.00041492521794634474
sit-i,siti,1.0,0.07578665563187091
sit-i,siji,0.0,0.8942192602133813
sit-i,sili,0.0,0.014997042077373927
sit-i,sii,0.0,0.014997042077373927
sit-ti,sitti,1.0,0.9744296627720058
sit-ti,sijti,0.0,0.024740486792101255
sit-ti,silti,0.0,0.00041492521794634474
sit-ti,siti,0.0,0.00041492521794634474
sit-o,sito,1.0,0.07578665563187091
sit-o,sijo,0.0,0.8942192602133813
sit-o,silo,0.0,0.014997042077373927
sit-o,sio,0.0,0.014997042077373927
sit-to,sitto,1.0,0.9744296627720058
sit-to,sijto,0.0,0.024740486792101255
sit-to,silto,0.0,0.00041492521794634474
sit-to,sito,0.0,0.00041492521794634474
ges-a,gesa,0.0,0.07578665563187091
ges-a,geja,0.0,0.8942192602133813
ges-a,gela,0.0,0.014997042077373927
ges-a,gea,1.0,0.014997042077373927
ges-ta,getta,1.0,0.9744296627720058
ges-ta,gejta,0.0,0.024740486792101255
ges-ta,gelta,0.0,0.00041492521794634474
ges-ta,geta,0.0,0.00041492521794634474
ges-e,gese,0.0,0.07578665563187091
ges-e,geje,0.0,0.8942192602133813
ges-e,gele,0.0,0.014997042077373927
ges-e,gee,1.0,0.014997042077373927
ges-te,gette,1.0,0.9744296627720058
ges-te,gejte,0.0,0.024740486792101255
ges-te,gelte,0.0,0.00041492521794634474
ges-te,gete,0.0,0.00041492521794634474
ges-i,gesi,0.0,0.07578665563187091
ges-i,geji,0.0,0.8942192602133813
ges-i,geli,0.0,0.014997042077373927
ges-i,gei,1.0,0.014997042077373927
ges-ti,getti,1.0,0.9744296627720058
ges-ti,gejti,0.0,0.024740486792101255
ges-ti,gelti,0.0,0.00041492521794634474
ges-ti,geti,0.0,0.00041492521794634474
ges-o,geso,0.0,0.07578665563187091
ges-o,gejo,0.0,0.8942192602133813
ges-o,gelo,0.0,0.014997042077373927
ges-o,geo,1.0,0.014997042077373927
ges-to,getto,1.0,0.9744296627720058
ges-to,gejto,0.0,0.024740486792101255
ges-to,gelto,0.0,0.00041492521794634474
ges-to,geto,0.0,0.00041492521794634474
kkaes-a,kkaesa,0.0,0.07578665563187091
kkaes-a,kkaeja,0.0,0.8942192602133813
kkaes-a,kkaela,0.0,0.014997042077373927
kkaes-a,kkaea,1.0,0.014997042077373927
kkaes-ta,kkaetta,1.0,0.9744296627720058
kkaes-ta,kkaejta,0.0,0.024740486792101255
kkaes-ta,kkaelta,0.0,0.00041492521794634474
kkaes-ta,kkaeta,0.0,0.00041492521794634474
kkaes-e,kkaese,0.0,0.07578665563187091
kkaes-e,kkaeje,0.0,0.8942192602133813
kkaes-e,kkaele,0.0,0.014997042077373927
kkaes-e,kkaee,1.0,0.014997042077373927
kkaes-te,kkaette,1.0,0.9744296627720058
kkaes-te,kkaejte,0.0,0.024740486792101255
kkaes-te,kkaelte,0.0,0.00041492521794634474
kkaes-te,kkaete,0.0,0.00041492521794634474
kkaes-i,kkaesi,0.0,0.07578665563187091
kkaes-i,kkaeji,0.0,0.8942192602133813
kkaes-i,kkaeli,0.0,0.014997042077373927
kkaes-i,kkaei,1.0,0.014997042077373927
kkaes-ti,kkaetti,1.0,0.9744296627720058
kkaes-ti,kkaejti,0.0,0.024740486792101255
kkaes-ti,kkaelti,0.0,0.00041492521794634474
kkaes-ti,kkaeti,0.0,0.00041492521794634474
kkaes-o,kkaeso,0.0,0.07578665563187091
kkaes-o,kkaejo,0.0,0.8942192602133813
kkaes-o,kkaelo,0.0,0.014997042077373927
kkaes-o,kkaeo,1.0,0.014997042077373927
kkaes-to,kkaetto,1.0,0.9744296627720058
kkaes-to,kkaejto,0.0,0.024740486792101255
kkaes-to,kkaelto,0.0,0.00041492521794634474
kkaes-to,kkaeto,0.0,0.00041492521794634474
hoes-a,hoesa,0.0,0.07578665563187091
hoes-a,hoeja,0.0,0.8942192602133813
hoes-a,hoela,0.0,0.014997042077373927
hoes-a,hoea,1.0,0.014997042077373927
hoes-ta,hoetta,1.0,0.9744296627720058
hoes-ta,hoejta,0.0,0.024740486792101255
hoes-ta,hoelta,0.0,0.00041492521794634474
hoes-ta,hoeta,0.0,0.00041492521794634474
hoes-e,hoese,0.0,0.07578665563187091
hoes-e,hoeje,0.0,0.8942192602133813
hoes-e,hoele,0.0,0.014997042077373927
hoes-e,hoee,1.0,0.014997042077373927
hoes-te,hoette,1.0,0.9744296627720058
hoes-te,hoejte,0.0,0.024740486792101255
hoes-te,hoelte,0.0,0.00041492521794634474
hoes-te,hoete,0.0,0.00041492521794634474
hoes-i,hoesi,0.0,0.07578665563187091
hoes-i,hoeji,0.0,0.8942192602133813
hoes-i,hoeli,0.0,0.014997042077373927
hoes-i,hoei,1.0,0.014997042077373927
hoes-ti,hoetti,1.0,0.9744296627720058
hoes-ti,hoejti,0.0,0.024740486792101255
hoes-ti,hoelti,0.0,0.00041492521794634474
hoes-ti,hoeti,0.0,0.00041492521794634474
hoes-o,hoeso,0.0,0.07578665563187091
hoes-o,hoejo,0.0,0.8942192602133813
hoes-o,hoelo,0.0,0.014997042077373927
hoes-o,hoeo,1.0,0.014997042077373927
hoes-to,hoetto,1.0,0.9744296627720058
hoes-to,hoejto,0.0,0.024740486792101255
hoes-to,hoelto,0.0,0.00041492521794634474
hoes-to,hoeto,0.0,0.00041492521794634474
koes-a,koesa,0.0,0.07578665563187091
koes-a,koeja,0.0,0.8942192602133813
koes-a,koela,0.0,0.014997042077373927
koes-a,koea,1.0,0.014997042077373927
koes-ta,koetta,1.0,0.9744296627720058
koes-ta,koejta,0.0,0.024740486792101255
koes-ta,koelta,0.0,0.00041492521794634474
koes-ta,koeta,0.0,0.00041492521794634474
koes-e,koese,0.0,0.07578665563187091
koes-e,koeje,0.0,0.8942192602133813
koes-e,koele,0.0,0.014997042077373927
koes-e,koee,1.0,0.014997042077373927
koes-te,koette,1.0,0.9744296627720058
koes-te,koejte,0.0,0.024740486792101255
koes-te,koelte,0.0,0.00041492521794634474
koes-te,koete,0.0,0.00041492521794634474
koes-i,koesi,0.0,0.07578665563187091
koes-i,koeji,0.0,0.8942192602133813
koes-i,koeli,0.0,0.014997042077373927
koes-i,koei,1.0,0.014997042077373927
koes-ti,koetti,1.0,0.9744296627720058
koes-ti,koejti,0.0,0.024740486792101255
koes-ti,koelti,0.0,0.00041492521794634474
koes-ti,koeti,0.0,0.00041492521794634474
koes-o,koeso,0.0,0.07578665563187091
koes-o,koejo,0.0,0.8942192602133813
koes-o,koelo,0.0,0.014997042077373927
koes-o,koeo,1.0,0.014997042077373927
koes-to,koetto,1.0,0.9744296627720058
koes-to,koejto,0.0,0.024740486792101255
koes-to,koelto,0.0,0.00041492521794634474
koes-to,koeto,0.0,0.00041492521794634474
nos-a,nosa,0.0,0.07578665563187091
nos-a,noja,0.0,0.8942192602133813
nos-a,nola,0.0,0.014997042077373927
nos-a,noa,1.0,0.014997042077373927
nos-ta,notta,1.0,0.9744296627720058
nos-ta,nojta,0.0,0.024740486792101255
nos-ta,nolta,0.0,0.00041492521794634474
nos-ta,nota,0.0,0.00041492521794634474
nos-e,nose,0.0,0.07578665563187091
nos-e,noje,0.0,0.8942192602133813
nos-e,nole,0.0,0.014997042077373927
nos-e,noe,1.0,0.014997042077373927
nos-te,notte,1.0,0.9744296627720058
nos-te,nojte,0.0,0.024740486792101255
nos-te,nolte,0.0,0.00041492521794634474
nos-te,note,0.0,0.00041492521794634474
nos-i,nosi,0.0,0.07578665563187091
nos-i,noji,0.0,0.8942192602133813
nos-i,noli,0.0,0.014997042077373927
nos-i,noi,1.0,0.014997042077373927
nos-ti,notti,1.0,0.9744296627720058
nos-ti,nojti,0.0,0.024740486792101255
nos-ti,nolti,0.0,0.00041492521794634474
nos-ti,noti,0.0,0.00041492521794634474
nos-o,noso,0.0,0.07578665563187091
nos-o,nojo,0.0,0.8942192602133813
nos-o,nolo,0.0,0.014997042077373927
nos-o,noo,1.0,0.014997042077373927
nos-to,notto,1.0,0.9744296627720058
nos-to,nojto,0.0,0.024740486792101255
nos-to,nolto,0.0,0.00041492521794634474
nos-to,noto,0.0,0.00041492521794634474
poes-a,poesa,1.0,0.07578665563187091
poes-a,poeja,0.0,0.8942192602133813
poes-a,poela,0.0,0.014997042077373927
poes-a,poea,0.0,0.014997042077373927
poes-ta,poetta,1.0,0.9744296627720058
poes-ta,poejta,0.0,0.024740486792101255
poes-ta,poelta,0.0,0.00041492521794634474
poes-ta,poeta,0.0,0.00041492521794634474
poes-e,poese,1.0,0.07578665563187091
poes-e,poeje,0.0,0.8942192602133813
poes-e,poele,0.0,0.014997042077373927
poes-e,poee,0.0,0.014997042077373927
poes-te,poette,1.0,0.9744296627720058
poes-te,poejte,0.0,0.024740486792101255
poes-te,poelte,0.0,0.00041492521794634474
poes-te,poete,0.0,0.00041492521794634474
poes-i,poesi,1.0,0.07578665563187091
poes-i,poeji,0.0,0.8942192602133813
poes-i,poeli,0.0,0.014997042077373927
poes-i,poei,0.0,0.014997042077373927
poes-ti,poetti,1.0,0.9744296627720058
poes-ti,poejti,0.0,0.024740486792101255
poes-ti,poelti,0.0,0.00041492521794634474
poes-ti,poeti,0.0,0.00041492521794634474
poes-o,poeso,1.0,0.07578665563187091
poes-o,poejo,0.0,0.8942192602133813
poes-o,poelo,0.0,0.014997042077373927
poes-o,poeo,0.0,0.014997042077373927
poes-to,poetto,1.0,0.9744296627720058
poes-to,poejto,0.0,0.024740486792101255
poes-to,poelto,0.0,0.00041492521794634474
poes-to,poeto,0.0,0.00041492521794634474
meos-a,meosa,1.0,0.07578665563187091
meos-a,meoja,0.0,0.8942192602133813
meos-a,meola,0.0,0.014997042077373927
meos-a,meoa,0.0,0.014997042077373927
meos-ta,meotta,1.0,0.9744296627720058
meos-ta,meojta,0.0,0.024740486792101255
meos-ta,meolta,0.0,0.00041492521794634474
meos-ta,meota,0.0,0.00041492521794634474
meos-e,meose,1.0,0.07578665563187091
meos-e,meoje,0.0,0.8942192602133813
meos-e,meole,0.0,0.014997042077373927
meos-e,meoe,0.0,0.014997042077373927
meos-te,meotte,1.0,0.9744296627720058
meos-te,meojte,0.0,0.024740486792101255
meos-te,meolte,0.0,0.00041492521794634474
meos-te,meote,0.0,0.00041492521794634474
meos-i,meosi,1.0,0.07578665563187091
meos-i,meoji,0.0,0.8942192602133813
meos-i,meoli,0.0,0.014997042077373927
meos-i,meoi,0.0,0.014997042077373927
meos-ti,meotti,1.0,0.9744296627720058
meos-ti,meojti,0.0,0.024740486792101255
meos-ti,meolti,0.0,0.00041492521794634474
meos-ti,meoti,0.0,0.00041492521794634474
meos-o,meoso,1.0,0.07578665563187091
meos-o,meojo,0.0,0.8942192602133813
meos-o,meolo,0.0,0.014997042077373927
meos-o,meoo,0.0,0.014997042077373927
meos-to,meotto,1.0,0.9744296627720058
meos-to,meojto,0.0,0.024740486792101255
meos-to,meolto,0.0,0.00041492521794634474
meos-to,meoto,0.0,0.00041492521794634474
jjaes-a,jjaesa,1.0,0.07578665563187091
jjaes-a,jjaeja,0.0,0.8942192602133813
jjaes-a,jjaela,0.0,0.014997042077373927
jjaes-a,jjaea,0.0,0.014997042077373927
jjaes-ta,jjaetta,1.0,0.9744296627720058
jjaes-ta,jjaejta,0.0,0.024740486792101255
jjaes-ta,jjaelta,0.0,0.00041492521794634474
jjaes-ta,jjaeta,0.0,0.00041492521794634474
jjaes-e,jjaese,1.0,0.07578665563187091
jjaes-e,jjaeje,0.0,0.8942192602133813
jjaes-e,jjaele,0.0,0.014997042077373927
jjaes-e,jjaee,0.0,0.014997042077373927
jjaes-te,jjaette,1.0,0.9744296627720058
jjaes-te,jjaejte,0.0,0.024740486792101255
jjaes-te,jjaelte,0.0,0.00041492521794634474
jjaes-te,jjaete,0.0,0.00041492521794634474
jjaes-i,jjaesi,1.0,0.07578665563187091
jjaes-i,jjaeji,0.0,0.8942192602133813
jjaes-i,jjaeli,0.0,0.014997042077373927
jjaes-i,jjaei,0.0,0.014997042077373927
jjaes-ti,jjaetti,1.0,0.9744296627720058
jjaes-ti,jjaejti,0.0,0.024740486792101255
jjaes-ti,jjaelti,0.0,0.00041492521794634474
jjaes-ti,jjaeti,0.0,0.00041492521794634474
jjaes-o,jjaeso,1.0,0.07578665563187091
jjaes-o,jjaejo,0.0,0.8942192602133813
jjaes-o,jjaelo,0.0,0.014997042077373927
jjaes-o,jjaeo,0.0,0.014997042077373927
jjaes-to,jjaetto,1.0,0.9744296627720058
jjaes-to,jjaejto,0.0,0.024740486792101255
jjaes-to,jjaelto,0.0,0.00041492521794634474
jjaes-to,jjaeto,0.0,0.00041492521794634474
ches-a,chesa,1.0,0.07578665563187091
ches-a,cheja,0.0,0.8942192602133813
ches-a,chela,0.0,0.014997042077373927
ches-a,chea,0.0,0.014997042077373927
ches-ta,chetta,1.0,0.9744296627720058
ches-ta,chejta,0.0,0.024740486792101255
ches-ta,chelta,0.0,0.00041492521794634474
ches-ta,cheta,0.0,0.00041492521794634474
ches-e,chese,1.0,0.07578665563187091
ches-e,cheje,0.0,0.8942192602133813
ches-e,chele,0.0,0.014997042077373927
ches-e,chee,0.0,0.014997042077373927
ches-te,chette,1.0,0.9744296627720058
ches-te,chejte,0.0,0.024740486792101255
ches-te,chelte,0.0,0.00041492521794634474
ches-te,chete,0.0,0.00041492521794634474
ches-i,chesi,1.0,0.07578665563187091
ches-i,cheji,0.0,0.8942192602133813
ches-i,cheli,0.0,0.014997042077373927
ches-i,chei,0.0,0.014997042077373927
ches-ti,chetti,1.0,0.9744296627720058
ches-ti,chejti,0.0,0.024740486792101255
ches-ti,chelti,0.0,0.00041492521794634474
ches-ti,cheti,0.0,0.00041492521794634474
ches-o,cheso,1.0,0.07578665563187091
ches-o,chejo,0.0,0.8942192602133813
ches-o,chelo,0.0,0.014997042077373927
ches-o,cheo,0.0,0.014997042077373927
ches-to,chetto,1.0,0.9744296627720058
ches-to,chejto,0.0,0.024740486792101255
ches-to,chelto,0.0,0.00041492521794634474
ches-to,cheto,0.0,0.00041492521794634474
