Input,Output,ObservedProb,ExpectedProb
neop-a,neopa,0.0,0.06497878321539963
neop-a,neowa,1.0,0.9149081980148618
neop-a,neola,0.0,0.010056509384869282
neop-a,neoa,0.0,0.010056509384869265
neop-ta,neopta,1.0,0.9883775504084472
neop-ta,neowta,0.0,0.011372441845643936
neop-ta,neolta,0.0,0.00012500387295441047
neop-ta,neota,0.0,0.00012500387295441025
neop-e,neope,0.0,0.06497878321539963
neop-e,neowe,1.0,0.9149081980148618
neop-e,neole,0.0,0.010056509384869282
neop-e,neoe,0.0,0.010056509384869265
neop-te,neopte,1.0,0.9883775504084472
neop-te,neowte,0.0,0.011372441845643936
neop-te,neolte,0.0,0.00012500387295441047
neop-te,neote,0.0,0.00012500387295441025
neop-i,neopi,0.0,0.06497878321539963
neop-i,neowi,1.0,0.9149081980148618
neop-i,neoli,0.0,0.010056509384869282
neop-i,neoi,0.0,0.010056509384869265
neop-ti,neopti,1.0,0.9883775504084472
neop-ti,neowti,0.0,0.011372441845643936
neop-ti,neolti,0.0,0.00012500387295441047
neop-ti,neoti,0.0,0.00012500387295441025
neop-o,neopo,0.0,0.06497878321539963
neop-o,neowo,1.0,0.9149081980148618
neop-o,neolo,0.0,0.010056509384869282
neop-o,neoo,0.0,0.010056509384869265
neop-to,neopto,1.0,0.9883775504084472
neop-to,neowto,0.0,0.011372441845643936
neop-to,neolto,0.0,0.00012500387295441047
neop-to,neoto,0.0,0.00012500387295441025
neop-u,neopu,0.0,0.06497878321539963
neop-u,neowu,1.0,0.9149081980148618
neop-u,neolu,0.0,0.010056509384869282
neop-u,neou,0.0,0.010056509384869265
neop-tu,neoptu,1.0,0.9883775504084472
neop-tu,neowtu,0.0,0.011372441845643936
neop-tu,neoltu,0.0,0.00012500387295441047
neop-tu,neotu,0.0,0.00012500387295441025
ppaep-a,ppaepa,0.0,0.06497878321539963
ppaep-a,ppaewa,1.0,0.9149081980148618
ppaep-a,ppaela,0.0,0.010056509384869282
ppaep-a,ppaea,0.0,0.010056509384869265
ppaep-ta,ppaepta,1.0,0.9883775504084472
ppaep-ta,ppaewta,0.0,0.011372441845643936
ppaep-ta,ppaelta,0.0,0.00012500387295441047
ppaep-ta,ppaeta,0.0,0.00012500387295441025
ppaep-e,ppaepe,0.0,0.06497878321539963
ppaep-e,ppaewe,1.0,0.9149081980148618
ppaep-e,ppaele,0.0,0.010056509384869282
ppaep-e,ppaee,0.0,0.010056509384869265
ppaep-te,ppaepte,1.0,0.9883775504084472
ppaep-te,ppaewte,0.0,0.011372441845643936
ppaep-te,ppaelte,0.0,0.00012500387295441047
ppaep-te,ppaete,0.0,0.00012500387295441025
ppaep-i,ppaepi,0.0,0.06497878321539963
ppaep-i,ppaewi,1.0,0.9149081980148618
ppaep-i,ppaeli,0.0,0.010056509384869282
ppaep-i,ppaei,0.0,0.010056509384869265
ppaep-ti,ppaepti,1.0,0.9883775504084472
ppaep-ti,ppaewti,0.0,0.011372441845643936
ppaep-ti,ppaelti,0.0,0.00012500387295441047
ppaep-ti,ppaeti,0.0,0.00012500387295441025
ppaep-o,ppaepo,0.0,0.06497878321539963
ppaep-o,ppaewo,1.0,0.9149081980148618
ppaep-o,ppaelo,0.0,0.010056509384869282
ppaep-o,ppaeo,0.0,0.010056509384869265
ppaep-to,ppaepto,1.0,0.9883775504084472
ppaep-to,ppaewto,0.0,0.011372441845643936
ppaep-to,ppaelto,0.0,0.00012500387295441047
ppaep-to,ppaeto,0.0,0.00012500387295441025
ppaep-u,ppaepu,0.0,0.06497878321539963
ppaep-u,ppaewu,1.0,0.9149081980148618
ppaep-u,ppaelu,0.0,0.010056509384869282
ppaep-u,ppaeu,0.0,0.010056509384869265
ppaep-tu,ppaeptu,1.0,0.9883775504084472
ppaep-tu,ppaewtu,0.0,0.011372441845643936
ppaep-tu,ppaeltu,0.0,0.00012500387295441047
ppaep-tu,ppaetu,0.0,0.00012500387295441025
sep-a,sepa,0.0,0.06497878321539963
sep-a,sewa,1.0,0.9149081980148618
sep-a,sela,0.0,0.010056509384869282
sep-a,sea,0.0,0.010056509384869265
sep-ta,septa,1.0,0.9883775504084472
sep-ta,sewta,0.0,0.011372441845643936
sep-ta,selta,0.0,0.00012500387295441047
sep-ta,seta,0.0,0.00012500387295441025
sep-e,sepe,0.0,0.06497878321539963
sep-e,sewe,1.0,0.9149081980148618
sep-e,sele,0.0,0.010056509384869282
sep-e,see,0.0,0.010056509384869265
sep-te,septe,1.0,0.9883775504084472
sep-te,sewte,0.0,0.011372441845643936
sep-te,selte,0.0,0.00012500387295441047
sep-te,sete,0.0,0.00012500387295441025
sep-i,sepi,0.0,0.06497878321539963
sep-i,sewi,1.0,0.9149081980148618
sep-i,seli,0.0,0.010056509384869282
sep-i,sei,0.0,0.010056509384869265
sep-ti,septi,1.0,0.9883775504084472
sep-ti,sewti,0.0,0.011372441845643936
sep-ti,selti,0.0,0.00012500387295441047
sep-ti,seti,0.0,0.00012500387295441025
sep-o,sepo,0.0,0.06497878321539963
sep-o,sewo,1.0,0.9149081980148618
sep-o,selo,0.0,0.010056509384869282
sep-o,seo,0.0,0.010056509384869265
sep-to,septo,1.0,0.9883775504084472
sep-to,sewto,0.0,0.011372441845643936
sep-to,selto,0.0,0.00012500387295441047
sep-to,seto,0.0,0.00012500387295441025
sep-u,sepu,0.0,0.06497878321539963
sep-u,sewu,1.0,0.9149081980148618
sep-u,selu,0.0,0.010056509384869282
sep-u,seu,0.0,0.010056509384869265
sep-tu,septu,1.0,0.9883775504084472
sep-tu,sewtu,0.0,0.011372441845643936
sep-tu,seltu,0.0,0.00012500387295441047
sep-tu,setu,0.0,0.00012500387295441025
ssep-a,ssepa,0.0,0.06497878321539963
ssep-a,ssewa,1.0,0.9149081980148618
ssep-a,ssela,0.0,0.010056509384869282
ssep-a,ssea,0.0,0.010056509384869265
ssep-ta,ssepta,1.0,0.9883775504084472
ssep-ta,ssewta,0.0,0.011372441845643936
ssep-ta,sselta,0.0,0.00012500387295441047
ssep-ta,sseta,0.0,0.00012500387295441025
ssep-e,ssepe,0.0,0.06497878321539963
ssep-e,ssewe,1.0,0.9149081980148618
ssep-e,ssele,0.0,0.010056509384869282
ssep-e,ssee,0.0,0.010056509384869265
ssep-te,ssepte,1.0,0.9883775504084472
ssep-te,ssewte,0.0,0.011372441845643936
ssep-te,sselte,0.0,0.00012500387295441047
ssep-te,ssete,0.0,0.00012500387295441025
ssep-i,ssepi,0.0,0.06497878321539963
ssep-i,ssewi,1.0,0.9149081980148618
ssep-i,sseli,0.0,0.010056509384869282
ssep-i,ssei,0.0,0.010056509384869265
ssep-ti,ssepti,1.0,0.9883775504084472
ssep-ti,ssewti,0.0,0.011372441845643936
ssep-ti,sselti,0.0,0.00012500387295441047
ssep-ti,sseti,0.0,0.00012500387295441025
ssep-o,ssepo,0.0,0.06497878321539963
ssep-o,ssewo,1.0,0.9149081980148618
ssep-o,sselo,0.0,0.010056509384869282
ssep-o,sseo,0.0,0.010056509384869265
ssep-to,ssepto,1.0,0.9883775504084472
ssep-to,ssewto,0.0,0.011372441845643936
ssep-to,sselto,0.0,0.00012500387295441047
ssep-to,sseto,0.0,0.00012500387295441025
ssep-u,ssepu,0.0,0.06497878321539963
ssep-u,ssewu,1.0,0.9149081980148618
ssep-u,sselu,0.0,0.010056509384869282
ssep-u,sseu,0.0,0.010056509384869265
ssep-tu,sseptu,1.0,0.9883775504084472
ssep-tu,ssewtu,0.0,0.011372441845643936
ssep-tu,sseltu,0.0,0.00012500387295441047
ssep-tu,ssetu,0.0,0.00012500387295441025
gop-a,gopa,0.0,0.06497878321539963
gop-a,gowa,1.0,0.9149081980148618
gop-a,gola,0.0,0.010056509384869282
gop-a,goa,0.0,0.010056509384869265
gop-ta,gopta,1.0,0.9883775504084472
gop-ta,gowta,0.0,0.011372441845643936
gop-ta,golta,0.0,0.00012500387295441047
gop-ta,gota,0.0,0.00012500387295441025
gop-e,gope,0.0,0.06497878321539963
gop-e,gowe,1.0,0.9149081980148618
gop-e,gole,0.0,0.010056509384869282
gop-e,goe,0.0,0.010056509384869265
gop-te,gopte,1.0,0.9883775504084472
gop-te,gowte,0.0,0.011372441845643936
gop-te,golte,0.0,0.00012500387295441047
gop-te,gote,0.0,0.00012500387295441025
gop-i,gopi,0.0,0.06497878321539963
gop-i,gowi,1.0,0.9149081980148618
gop-i,goli,0.0,0.010056509384869282
gop-i,goi,0.0,0.010056509384869265
gop-ti,gopti,1.0,0.9883775504084472
gop-ti,gowti,0.0,0.011372441845643936
gop-ti,golti,0.0,0.00012500387295441047
gop-ti,goti,0.0,0.00012500387295441025
gop-o,gopo,0.0,0.06497878321539963
gop-o,gowo,1.0,0.9149081980148618
gop-o,golo,0.0,0.010056509384869282
gop-o,goo,0.0,0.010056509384869265
gop-to,gopto,1.0,0.9883775504084472
gop-to,gowto,0.0,0.011372441845643936
gop-to,golto,0.0,0.00012500387295441047
gop-to,goto,0.0,0.00012500387295441025
gop-u,gopu,0.0,0.06497878321539963
gop-u,gowu,1.0,0.9149081980148618
gop-u,golu,0.0,0.010056509384869282
gop-u,gou,0.0,0.010056509384869265
gop-tu,goptu,1.0,0.9883775504084472
gop-tu,gowtu,0.0,0.011372441845643936
gop-tu,goltu,0.0,0.00012500387295441047
gop-tu,gotu,0.0,0.00012500387295441025
bwip-a,bwipa,0.0,0.06497878321539963
bwip-a,bwiwa,1.0,0.9149081980148618
bwip-a,bwila,0.0,0.010056509384869282
bwip-a,bwia,0.0,0.010056509384869265
bwip-ta,bwipta,1.0,0.9883775504084472
bwip-ta,bwiwta,0.0,0.011372441845643936
bwip-ta,bwilta,0.0,0.00012500387295441047
bwip-ta,bwita,0.0,0.00012500387295441025
bwip-e,bwipe,0.0,0.06497878321539963
bwip-e,bwiwe,1.0,0.9149081980148618
bwip-e,bwile,0.0,0.010056509384869282
bwip-e,bwie,0.0,0.010056509384869265
bwip-te,bwipte,1.0,0.9883775504084472
bwip-te,bwiwte,0.0,0.011372441845643936
bwip-te,bwilte,0.0,0.00012500387295441047
bwip-te,bwite,0.0,0.00012500387295441025
bwip-i,bwipi,0.0,0.06497878321539963
bwip-i,bwiwi,1.0,0.9149081980148618
bwip-i,bwili,0.0,0.010056509384869282
bwip-i,bwii,0.0,0.010056509384869265
bwip-ti,bwipti,1.0,0.9883775504084472
bwip-ti,bwiwti,0.0,0.011372441845643936
bwip-ti,bwilti,0.0,0.00012500387295441047
bwip-ti,bwiti,0.0,0.00012500387295441025
bwip-o,bwipo,0.0,0.06497878321539963
bwip-o,bwiwo,1.0,0.9149081980148618
bwip-o,bwilo,0.0,0.010056509384869282
bwip-o,bwio,0.0,0.010056509384869265
bwip-to,bwipto,1.0,0.9883775504084472
bwip-to,bwiwto,0.0,0.011372441845643936
bwip-to,bwilto,0.0,0.00012500387295441047
bwip-to,bwito,0.0,0.00012500387295441025
bwip-u,bwipu,0.0,0.06497878321539963
bwip-u,bwiwu,1.0,0.9149081980148618
bwip-u,bwilu,0.0,0.010056509384869282
bwip-u,bwiu,0.0,0.010056509384869265
bwip-tu,bwiptu,1.0,0.9883775504084472
bwip-tu,bwiwtu,0.0,0.011372441845643936
bwip-tu,bwiltu,0.0,0.00012500387295441047
bwip-tu,bwitu,0.0,0.00012500387295441025
seup-a,seupa,0.0,0.06497878321539963
seup-a,seuwa,1.0,0.9149081980148618
seup-a,seula,0.0,0.010056509384869282
seup-a,seua,0.0,0.010056509384869265
seup-ta,seupta,1.0,0.9883775504084472
seup-ta,seuwta,0.0,0.011372441845643936
seup-ta,seulta,0.0,0.00012500387295441047
seup-ta,seuta,0.0,0.00012500387295441025
seup-e,seupe,0.0,0.06497878321539963
seup-e,seuwe,1.0,0.9149081980148618
seup-e,seule,0.0,0.010056509384869282
seup-e,seue,0.0,0.010056509384869265
seup-te,seupte,1.0,0.9883775504084472
seup-te,seuwte,0.0,0.011372441845643936
seup-te,seulte,0.0,0.00012500387295441047
seup-te,seute,0.0,0.00012500387295441025
seup-i,seupi,0.0,0.06497878321539963
seup-i,seuwi,1.0,0.9149081980148618
seup-i,seuli,0.0,0.010056509384869282
seup-i,seui,0.0,0.010056509384869265
seup-ti,seupti,1.0,0.9883775504084472
seup-ti,seuwti,0.0,0.011372441845643936
seup-ti,seulti,0.0,0.00012500387295441047
seup-ti,seuti,0.0,0.00012500387295441025
seup-o,seupo,0.0,0.06497878321539963
seup-o,seuwo,1.0,0.9149081980148618
seup-o,seulo,0.0,0.010056509384869282
seup-o,seuo,0.0,0.010056509384869265
seup-to,seupto,1.0,0.9883775504084472
seup-to,seuwto,0.0,0.011372441845643936
seup-to,seulto,0.0,0.00012500387295441047
seup-to,seuto,0.0,0.00012500387295441025
seup-u,seupu,0.0,0.06497878321539963
seup-u,seuwu,1.0,0.9149081980148618
seup-u,seulu,0.0,0.010056509384869282
seup-u,seuu,0.0,0.010056509384869265
seup-tu,seuptu,1.0,0.9883775504084472
seup-tu,seuwtu,0.0,0.011372441845643936
seup-tu,seultu,0.0,0.00012500387295441047
seup-tu,seutu,0.0,0.00012500387295441025
dep-a,depa,0.0,0.06497878321539963
dep-a,dewa,1.0,0.9149081980148618
dep-a,dela,0.0,0.010056509384869282
dep-a,dea,0.0,0.010056509384869265
dep-ta,depta,1.0,0.9883775504084472
dep-ta,dewta,0.0,0.011372441845643936
dep-ta,delta,0.0,0.00012500387295441047
dep-ta,deta,0.0,0.00012500387295441025
dep-e,depe,0.0,0.06497878321539963
dep-e,dewe,1.0,0.9149081980148618
dep-e,dele,0.0,0.010056509384869282
dep-e,dee,0.0,0.010056509384869265
dep-te,depte,1.0,0.9883775504084472
dep-te,dewte,0.0,0.011372441845643936
dep-te,delte,0.0,0.00012500387295441047
dep-te,dete,0.0,0.00012500387295441025
dep-i,depi,0.0,0.06497878321539963
dep-i,dewi,1.0,0.9149081980148618
dep-i,deli,0.0,0.010056509384869282
dep-i,dei,0.0,0.010056509384869265
dep-ti,depti,1.0,0.9883775504084472
dep-ti,dewti,0.0,0.011372441845643936
dep-ti,delti,0.0,0.00012500387295441047
dep-ti,deti,0.0,0.00012500387295441025
dep-o,depo,0.0,0.06497878321539963
dep-o,dewo,1.0,0.9149081980148618
dep-o,delo,0.0,0.010056509384869282
dep-o,deo,0.0,0.010056509384869265
dep-to,depto,1.0,0.9883775504084472
dep-to,dewto,0.0,0.011372441845643936
dep-to,delto,0.0,0.00012500387295441047
dep-to,deto,0.0,0.00012500387295441025
dep-u,depu,0.0,0.06497878321539963
dep-u,dewu,1.0,0.9149081980148618
dep-u,delu,0.0,0.010056509384869282
dep-u,deu,0.0,0.010056509384869265
dep-tu,deptu,1.0,0.9883775504084472
dep-tu,dewtu,0.0,0.011372441845643936
dep-tu,deltu,0.0,0.00012500387295441047
dep-tu,detu,0.0,0.00012500387295441025
dop-a,dopa,0.0,0.06497878321539963
dop-a,dowa,1.0,0.9149081980148618
dop-a,dola,0.0,0.010056509384869282
dop-a,doa,0.0,0.010056509384869265
dop-ta,dopta,1.0,0.9883775504084472
dop-ta,dowta,0.0,0.011372441845643936
dop-ta,dolta,0.0,0.00012500387295441047
dop-ta,dota,0.0,0.00012500387295441025
dop-e,dope,0.0,0.06497878321539963
dop-e,dowe,1.0,0.9149081980148618
dop-e,dole,0.0,0.010056509384869282
dop-e,doe,0.0,0.010056509384869265
dop-te,dopte,1.0,0.9883775504084472
dop-te,dowte,0.0,0.011372441845643936
dop-te,dolte,0.0,0.00012500387295441047
dop-te,dote,0.0,0.00012500387295441025
dop-i,dopi,0.0,0.06497878321539963
dop-i,dowi,1.0,0.9149081980148618
dop-i,doli,0.0,0.010056509384869282
dop-i,doi,0.0,0.010056509384869265
dop-ti,dopti,1.0,0.9883775504084472
dop-ti,dowti,0.0,0.011372441845643936
dop-ti,dolti,0.0,0.00012500387295441047
dop-ti,doti,0.0,0.00012500387295441025
dop-o,dopo,0.0,0.06497878321539963
dop-o,dowo,1.0,0.9149081980148618
dop-o,dolo,0.0,0.010056509384869282
dop-o,doo,0.0,0.010056509384869265
dop-to,dopto,1.0,0.9883775504084472
dop-to,dowto,0.0,0.011372441845643936
dop-to,dolto,0.0,0.00012500387295441047
dop-to,doto,0.0,0.00012500387295441025
dop-u,dopu,0.0,0.06497878321539963
dop-u,dowu,1.0,0.9149081980148618
dop-u,dolu,0.0,0.010056509384869282
dop-u,dou,0.0,0.010056509384869265
dop-tu,doptu,1.0,0.9883775504084472
dop-tu,dowtu,0.0,0.011372441845643936
dop-tu,doltu,0.0,0.00012500387295441047
dop-tu,dotu,0.0,0.00012500387295441025
baep-a,baepa,0.0,0.06497878321539963
baep-a,baewa,1.0,0.9149081980148618
baep-a,baela,0.0,0.010056509384869282
baep-a,baea,0.0,0.010056509384869265
baep-ta,baepta,1.0,0.9883775504084472
baep-ta,baewta,0.0,0.011372441845643936
baep-ta,baelta,0.0,0.00012500387295441047
baep-ta,baeta,0.0,0.00012500387295441025
baep-e,baepe,0.0,0.06497878321539963
baep-e,baewe,1.0,0.9149081980148618
baep-e,baele,0.0,0.010056509384869282
baep-e,baee,0.0,0.010056509384869265
baep-te,baepte,1.0,0.9883775504084472
baep-te,baewte,0.0,0.011372441845643936
baep-te,baelte,0.0,0.00012500387295441047
baep-te,baete,0.0,0.00012500387295441025
baep-i,baepi,0.0,0.06497878321539963
baep-i,baewi,1.0,0.9149081980148618
baep-i,baeli,0.0,0.010056509384869282
baep-i,baei,0.0,0.010056509384869265
baep-ti,baepti,1.0,0.9883775504084472
baep-ti,baewti,0.0,0.011372441845643936
baep-ti,baelti,0.0,0.00012500387295441047
baep-ti,baeti,0.0,0.00012500387295441025
baep-o,baepo,0.0,0.06497878321539963
baep-o,baewo,1.0,0.9149081980148618
baep-o,baelo,0.0,0.010056509384869282
baep-o,baeo,0.0,0.010056509384869265
baep-to,baepto,1.0,0.9883775504084472
baep-to,baewto,0.0,0.011372441845643936
baep-to,baelto,0.0,0.00012500387295441047
baep-to,baeto,0.0,0.00012500387295441025
baep-u,baepu,0.0,0.06497878321539963
baep-u,baewu,1.0,0.9149081980148618
baep-u,baelu,0.0,0.010056509384869282
baep-u,baeu,0.0,0.010056509384869265
baep-tu,baeptu,1.0,0.9883775504084472
baep-tu,baewtu,0.0,0.011372441845643936
baep-tu,baeltu,0.0,0.00012500387295441047
baep-tu,baetu,0.0,0.00012500387295441025
nep-a,nepa,0.0,0.06497878321539963
nep-a,newa,1.0,0.9149081980148618
nep-a,nela,0.0,0.010056509384869282
nep-a,nea,0.0,0.010056509384869265
nep-ta,nepta,1.0,0.9883775504084472
nep-ta,newta,0.0,0.011372441845643936
nep-ta,nelta,0.0,0.00012500387295441047
nep-ta,neta,0.0,0.00012500387295441025
nep-e,nepe,0.0,0.06497878321539963
nep-e,newe,1.0,0.9149081980148618
nep-e,nele,0.0,0.010056509384869282
nep-e,nee,0.0,0.010056509384869265
nep-te,nepte,1.0,0.9883775504084472
nep-te,newte,0.0,0.011372441845643936
nep-te,nelte,0.0,0.00012500387295441047
nep-te,nete,0.0,0.00012500387295441025
nep-i,nepi,0.0,0.06497878321539963
nep-i,newi,1.0,0.9149081980148618
nep-i,neli,0.0,0.010056509384869282
nep-i,nei,0.0,0.010056509384869265
nep-ti,nepti,1.0,0.9883775504084472
nep-ti,newti,0.0,0.011372441845643936
nep-ti,nelti,0.0,0.00012500387295441047
nep-ti,neti,0.0,0.00012500387295441025
nep-o,nepo,0.0,0.06497878321539963
nep-o,newo,1.0,0.9149081980148618
nep-o,nelo,0.0,0.010056509384869282
nep-o,neo,0.0,0.010056509384869265
nep-to,nepto,1.0,0.9883775504084472
nep-to,newto,0.0,0.011372441845643936
nep-to,nelto,0.0,0.00012500387295441047
nep-to,neto,0.0,0.00012500387295441025
nep-u,nepu,0.0,0.06497878321539963
nep-u,newu,1.0,0.9149081980148618
nep-u,nelu,0.0,0.010056509384869282
nep-u,neu,0.0,0.010056509384869265
nep-tu,neptu,1.0,0.9883775504084472
nep-tu,newtu,0.0,0.011372441845643936
nep-tu,neltu,0.0,0.00012500387295441047
nep-tu,netu,0.0,0.00012500387295441025
kkeup-a,kkeupa,0.0,0.06497878321539963
kkeup-a,kkeuwa,1.0,0.9149081980148618
kkeup-a,kkeula,0.0,0.010056509384869282
kkeup-a,kkeua,0.0,0.010056509384869265
kkeup-ta,kkeupta,1.0,0.9883775504084472
kkeup-ta,kkeuwta,0.0,0.011372441845643936
kkeup-ta,kkeulta,0.0,0.00012500387295441047
kkeup-ta,kkeuta,0.0,0.00012500387295441025
kkeup-e,kkeupe,0.0,0.06497878321539963
kkeup-e,kkeuwe,1.0,0.9149081980148618
kkeup-e,kkeule,0.0,0.010056509384869282
kkeup-e,kkeue,0.0,0.010056509384869265
kkeup-te,kkeupte,1.0,0.9883775504084472
kkeup-te,kkeuwte,0.0,0.011372441845643936
kkeup-te,kkeulte,0.0,0.00012500387295441047
kkeup-te,kkeute,0.0,0.00012500387295441025
kkeup-i,kkeupi,0.0,0.06497878321539963
kkeup-i,kkeuwi,1.0,0.9149081980148618
kkeup-i,kkeuli,0.0,0.010056509384869282
kkeup-i,kkeui,0.0,0.010056509384869265
kkeup-ti,kkeupti,1.0,0.9883775504084472
kkeup-ti,kkeuwti,0.0,0.011372441845643936
kkeup-ti,kkeulti,0.0,0.00012500387295441047
kkeup-ti,kkeuti,0.0,0.00012500387295441025
kkeup-o,kkeupo,0.0,0.06497878321539963
kkeup-o,kkeuwo,1.0,0.9149081980148618
kkeup-o,kkeulo,0.0,0.010056509384869282
kkeup-o,kkeuo,0.0,0.010056509384869265
kkeup-to,kkeupto,1.0,0.9883775504084472
kkeup-to,kkeuwto,0.0,0.011372441845643936
kkeup-to,kkeulto,0.0,0.00012500387295441047
kkeup-to,kkeuto,0.0,0.00012500387295441025
kkeup-u,kkeupu,0.0,0.06497878321539963
kkeup-u,kkeuwu,1.0,0.9149081980148618
kkeup-u,kkeulu,0.0,0.010056509384869282
kkeup-u,kkeuu,0.0,0.010056509384869265
kkeup-tu,kkeuptu,1.0,0.9883775504084472
kkeup-tu,kkeuwtu,0.0,0.011372441845643936
kkeup-tu,kkeultu,0.0,0.00012500387295441047
kkeup-tu,kkeutu,0.0,0.00012500387295441025
moep-a,moepa,0.0,0.06497878321539963
moep-a,moewa,1.0,0.9149081980148618
moep-a,moela,0.0,0.010056509384869282
moep-a,moea,0.0,0.010056509384869265
moep-ta,moepta,1.0,0.9883775504084472
moep-ta,moewta,0.0,0.011372441845643936
moep-ta,moelta,0.0,0.00012500387295441047
moep-ta,moeta,0.0,0.00012500387295441025
moep-e,moepe,0.0,0.06497878321539963
moep-e,moewe,1.0,0.9149081980148618
moep-e,moele,0.0,0.010056509384869282
moep-e,moee,0.0,0.010056509384869265
moep-te,moepte,1.0,0.9883775504084472
moep-te,moewte,0.0,0.011372441845643936
moep-te,moelte,0.0,0.00012500387295441047
moep-te,moete,0.0,0.00012500387295441025
moep-i,moepi,0.0,0.06497878321539963
moep-i,moewi,1.0,0.9149081980148618
moep-i,moeli,0.0,0.010056509384869282
moep-i,moei,0.0,0.010056509384869265
moep-ti,moepti,1.0,0.9883775504084472
moep-ti,moewti,0.0,0.011372441845643936
moep-ti,moelti,0.0,0.00012500387295441047
moep-ti,moeti,0.0,0.00012500387295441025
moep-o,moepo,0.0,0.06497878321539963
moep-o,moewo,1.0,0.9149081980148618
moep-o,moelo,0.0,0.010056509384869282
moep-o,moeo,0.0,0.010056509384869265
moep-to,moepto,1.0,0.9883775504084472
moep-to,moewto,0.0,0.011372441845643936
moep-to,moelto,0.0,0.00012500387295441047
moep-to,moeto,0.0,0.00012500387295441025
moep-u,moepu,0.0,0.06497878321539963
moep-u,moewu,1.0,0.9149081980148618
moep-u,moelu,0.0,0.010056509384869282
moep-u,moeu,0.0,0.010056509384869265
moep-tu,moeptu,1.0,0.9883775504084472
moep-tu,moewtu,0.0,0.011372441845643936
moep-tu,moeltu,0.0,0.00012500387295441047
moep-tu,moetu,0.0,0.00012500387295441025
kkip-a,kkipa,0.0,0.06497878321539963
kkip-a,kkiwa,1.0,0.9149081980148618
kkip-a,kkila,0.0,0.010056509384869282
kkip-a,kkia,0.0,0.010056509384869265
kkip-ta,kkipta,1.0,0.9883775504084472
kkip-ta,kkiwta,0.0,0.011372441845643936
kkip-ta,kkilta,0.0,0.00012500387295441047
kkip-ta,kkita,0.0,0.00012500387295441025
kkip-e,kkipe,0.0,0.06497878321539963
kkip-e,kkiwe,1.0,0.9149081980148618
kkip-e,kkile,0.0,0.010056509384869282
kkip-e,kkie,0.0,0.010056509384869265
kkip-te,kkipte,1.0,0.9883775504084472
kkip-te,kkiwte,0.0,0.011372441845643936
kkip-te,kkilte,0.0,0.00012500387295441047
kkip-te,kkite,0.0,0.00012500387295441025
kkip-i,kkipi,0.0,0.06497878321539963
kkip-i,kkiwi,1.0,0.9149081980148618
kkip-i,kkili,0.0,0.010056509384869282
kkip-i,kkii,0.0,0.010056509384869265
kkip-ti,kkipti,1.0,0.9883775504084472
kkip-ti,kkiwti,0.0,0.011372441845643936
kkip-ti,kkilti,0.0,0.00012500387295441047
kkip-ti,kkiti,0.0,0.00012500387295441025
kkip-o,kkipo,0.0,0.06497878321539963
kkip-o,kkiwo,1.0,0.9149081980148618
kkip-o,kkilo,0.0,0.010056509384869282
kkip-o,kkio,0.0,0.010056509384869265
kkip-to,kkipto,1.0,0.9883775504084472
kkip-to,kkiwto,0.0,0.011372441845643936
kkip-to,kkilto,0.0,0.00012500387295441047
kkip-to,kkito,0.0,0.00012500387295441025
kkip-u,kkipu,0.0,0.06497878321539963
kkip-u,kkiwu,1.0,0.9149081980148618
kkip-u,kkilu,0.0,0.010056509384869282
kkip-u,kkiu,0.0,0.010056509384869265
kkip-tu,kkiptu,1.0,0.9883775504084472
kkip-tu,kkiwtu,0.0,0.011372441845643936
kkip-tu,kkiltu,0.0,0.00012500387295441047
kkip-tu,kkitu,0.0,0.00012500387295441025
kkop-a,kkopa,0.0,0.06497878321539963
kkop-a,kkowa,1.0,0.9149081980148618
kkop-a,kkola,0.0,0.010056509384869282
kkop-a,kkoa,0.0,0.010056509384869265
kkop-ta,kkopta,1.0,0.9883775504084472
kkop-ta,kkowta,0.0,0.011372441845643936
kkop-ta,kkolta,0.0,0.00012500387295441047
kkop-ta,kkota,0.0,0.00012500387295441025
kkop-e,kkope,0.0,0.06497878321539963
kkop-e,kkowe,1.0,0.9149081980148618
kkop-e,kkole,0.0,0.010056509384869282
kkop-e,kkoe,0.0,0.010056509384869265
kkop-te,kkopte,1.0,0.9883775504084472
kkop-te,kkowte,0.0,0.011372441845643936
kkop-te,kkolte,0.0,0.00012500387295441047
kkop-te,kkote,0.0,0.00012500387295441025
kkop-i,kkopi,0.0,0.06497878321539963
kkop-i,kkowi,1.0,0.9149081980148618
kkop-i,kkoli,0.0,0.010056509384869282
kkop-i,kkoi,0.0,0.010056509384869265
kkop-ti,kkopti,1.0,0.9883775504084472
kkop-ti,kkowti,0.0,0.011372441845643936
kkop-ti,kkolti,0.0,0.00012500387295441047
kkop-ti,kkoti,0.0,0.00012500387295441025
kkop-o,kkopo,0.0,0.06497878321539963
kkop-o,kkowo,1.0,0.9149081980148618
kkop-o,kkolo,0.0,0.010056509384869282
kkop-o,kkoo,0.0,0.010056509384869265
kkop-to,kkopto,1.0,0.9883775504084472
kkop-to,kkowto,0.0,0.011372441845643936
kkop-to,kkolto,0.0,0.00012500387295441047
kkop-to,kkoto,0.0,0.00012500387295441025
kkop-u,kkopu,0.0,0.06497878321539963
kkop-u,kkowu,1.0,0.9149081980148618
kkop-u,kkolu,0.0,0.010056509384869282
kkop-u,kkou,0.0,0.010056509384869265
kkop-tu,kkoptu,1.0,0.9883775504084472
kkop-tu,kkowtu,0.0,0.011372441845643936
kkop-tu,kkoltu,0.0,0.00012500387295441047
kkop-tu,kkotu,0.0,0.00012500387295441025
ssaep-a,ssaepa,0.0,0.06497878321539963
ssaep-a,ssaewa,1.0,0.9149081980148618
ssaep-a,ssaela,0.0,0.010056509384869282
ssaep-a,ssaea,0.0,0.010056509384869265
ssaep-ta,ssaepta,1.0,0.9883775504084472
ssaep-ta,ssaewta,0.0,0.011372441845643936
ssaep-ta,ssaelta,0.0,0.00012500387295441047
ssaep-ta,ssaeta,0.0,0.00012500387295441025
ssaep-e,ssaepe,0.0,0.06497878321539963
ssaep-e,ssaewe,1.0,0.9149081980148618
ssaep-e,ssaele,0.0,0.010056509384869282
ssaep-e,ssaee,0.0,0.010056509384869265
ssaep-te,ssaepte,1.0,0.9883775504084472
ssaep-te,ssaewte,0.0,0.011372441845643936
ssaep-te,ssaelte,0.0,0.00012500387295441047
ssaep-te,ssaete,0.0,0.00012500387295441025
ssaep-i,ssaepi,0.0,0.06497878321539963
ssaep-i,ssaewi,1.0,0.9149081980148618
ssaep-i,ssaeli,0.0,0.010056509384869282
ssaep-i,ssaei,0.0,0.010056509384869265
ssaep-ti,ssaepti,1.0,0.9883775504084472
ssaep-ti,ssaewti,0.0,0.011372441845643936
ssaep-ti,ssaelti,0.0,0.00012500387295441047
ssaep-ti,ssaeti,0.0,0.00012500387295441025
ssaep-o,ssaepo,0.0,0.06497878321539963
ssaep-o,ssaewo,1.0,0.9149081980148618
ssaep-o,ssaelo,0.0,0.010056509384869282
ssaep-o,ssaeo,0.0,0.010056509384869265
ssaep-to,ssaepto,1.0,0.9883775504084472
ssaep-to,ssaewto,0.0,0.011372441845643936
ssaep-to,ssaelto,0.0,0.00012500387295441047
ssaep-to,ssaeto,0.0,0.00012500387295441025
ssaep-u,ssaepu,0.0,0.06497878321539963
ssaep-u,ssaewu,1.0,0.9149081980148618
ssaep-u,ssaelu,0.0,0.010056509384869282
ssaep-u,ssaeu,0.0,0.010056509384869265
ssaep-tu,ssaeptu,1.0,0.9883775504084472
ssaep-tu,ssaewtu,0.0,0.011372441845643936
ssaep-tu,ssaeltu,0.0,0.00012500387295441047
ssaep-tu,ssaetu,0.0,0.00012500387295441025
chap-a,chapa,0.0,0.06497878321539963
chap-a,chawa,1.0,0.9149081980148618
chap-a,chala,0.0,0.010056509384869282
chap-a,chaa,0.0,0.010056509384869265
chap-ta,chapta,1.0,0.9883775504084472
chap-ta,chawta,0.0,0.011372441845643936
chap-ta,chalta,0.0,0.00012500387295441047
chap-ta,chata,0.0,0.00012500387295441025
chap-e,chape,0.0,0.06497878321539963
chap-e,chawe,1.0,0.9149081980148618
chap-e,chale,0.0,0.010056509384869282
chap-e,chae,0.0,0.010056509384869265
chap-te,chapte,1.0,0.9883775504084472
chap-te,chawte,0.0,0.011372441845643936
chap-te,chalte,0.0,0.00012500387295441047
chap-te,chate,0.0,0.00012500387295441025
chap-i,chapi,0.0,0.06497878321539963
chap-i,chawi,1.0,0.9149081980148618
chap-i,chali,0.0,0.010056509384869282
chap-i,chai,0.0,0.010056509384869265
chap-ti,chapti,1.0,0.9883775504084472
chap-ti,chawti,0.0,0.011372441845643936
chap-ti,chalti,0.0,0.00012500387295441047
chap-ti,chati,0.0,0.00012500387295441025
chap-o,chapo,0.0,0.06497878321539963
chap-o,chawo,1.0,0.9149081980148618
chap-o,chalo,0.0,0.010056509384869282
chap-o,chao,0.0,0.010056509384869265
chap-to,chapto,1.0,0.9883775504084472
chap-to,chawto,0.0,0.011372441845643936
chap-to,chalto,0.0,0.00012500387295441047
chap-to,chato,0.0,0.00012500387295441025
chap-u,chapu,0.0,0.06497878321539963
chap-u,chawu,1.0,0.9149081980148618
chap-u,chalu,0.0,0.010056509384869282
chap-u,chau,0.0,0.010056509384869265
chap-tu,chaptu,1.0,0.9883775504084472
chap-tu,chawtu,0.0,0.011372441845643936
chap-tu,chaltu,0.0,0.00012500387295441047
chap-tu,chatu,0.0,0.00012500387295441025
rep-a,repa,0.0,0.06497878321539963
rep-a,rewa,1.0,0.9149081980148618
rep-a,rela,0.0,0.010056509384869282
rep-a,rea,0.0,0.010056509384869265
rep-ta,repta,1.0,0.9883775504084472
rep-ta,rewta,0.0,0.011372441845643936
rep-ta,relta,0.0,0.00012500387295441047
rep-ta,reta,0.0,0.00012500387295441025
rep-e,repe,0.0,0.06497878321539963
rep-e,rewe,1.0,0.9149081980148618
rep-e,rele,0.0,0.010056509384869282
rep-e,ree,0.0,0.010056509384869265
rep-te,repte,1.0,0.9883775504084472
rep-te,rewte,0.0,0.011372441845643936
rep-te,relte,0.0,0.00012500387295441047
rep-te,rete,0.0,0.00012500387295441025
rep-i,repi,0.0,0.06497878321539963
rep-i,rewi,1.0,0.9149081980148618
rep-i,reli,0.0,0.010056509384869282
rep-i,rei,0.0,0.010056509384869265
rep-ti,repti,1.0,0.9883775504084472
rep-ti,rewti,0.0,0.011372441845643936
rep-ti,relti,0.0,0.00012500387295441047
rep-ti,reti,0.0,0.00012500387295441025
rep-o,repo,0.0,0.06497878321539963
rep-o,rewo,1.0,0.9149081980148618
rep-o,relo,0.0,0.010056509384869282
rep-o,reo,0.0,0.010056509384869265
rep-to,repto,1.0,0.9883775504084472
rep-to,rewto,0.0,0.011372441845643936
rep-to,relto,0.0,0.00012500387295441047
rep-to,reto,0.0,0.00012500387295441025
rep-u,repu,0.0,0.06497878321539963
rep-u,rewu,1.0,0.9149081980148618
rep-u,relu,0.0,0.010056509384869282
rep-u,reu,0.0,0.010056509384869265
rep-tu,reptu,1.0,0.9883775504084472
rep-tu,rewtu,0.0,0.011372441845643936
rep-tu,reltu,0.0,0.00012500387295441047
rep-tu,retu,0.0,0.00012500387295441025
kop-a,kopa,0.0,0.06497878321539963
kop-a,kowa,1.0,0.9149081980148618
kop-a,kola,0.0,0.010056509384869282
kop-a,koa,0.0,0.010056509384869265
kop-ta,kopta,1.0,0.9883775504084472
kop-ta,kowta,0.0,0.011372441845643936
kop-ta,kolta,0.0,0.00012500387295441047
kop-ta,kota,0.0,0.00012500387295441025
kop-e,kope,0.0,0.06497878321539963
kop-e,kowe,1.0,0.9149081980148618
kop-e,kole,0.0,0.010056509384869282
kop-e,koe,0.0,0.010056509384869265
kop-te,kopte,1.0,0.9883775504084472
kop-te,kowte,0.0,0.011372441845643936
kop-te,kolte,0.0,0.00012500387295441047
kop-te,kote,0.0,0.00012500387295441025
kop-i,kopi,0.0,0.06497878321539963
kop-i,kowi,1.0,0.9149081980148618
kop-i,koli,0.0,0.010056509384869282
kop-i,koi,0.0,0.010056509384869265
kop-ti,kopti,1.0,0.9883775504084472
kop-ti,kowti,0.0,0.011372441845643936
kop-ti,kolti,0.0,0.00012500387295441047
kop-ti,koti,0.0,0.00012500387295441025
kop-o,kopo,0.0,0.06497878321539963
kop-o,kowo,1.0,0.9149081980148618
kop-o,kolo,0.0,0.010056509384869282
kop-o,koo,0.0,0.010056509384869265
kop-to,kopto,1.0,0.9883775504084472
kop-to,kowto,0.0,0.011372441845643936
kop-to,kolto,0.0,0.00012500387295441047
kop-to,koto,0.0,0.00012500387295441025
kop-u,kopu,0.0,0.06497878321539963
kop-u,kowu,1.0,0.9149081980148618
kop-u,kolu,0.0,0.010056509384869282
kop-u,kou,0.0,0.010056509384869265
kop-tu,koptu,1.0,0.9883775504084472
kop-tu,kowtu,0.0,0.011372441845643936
kop-tu,koltu,0.0,0.00012500387295441047
kop-tu,kotu,0.0,0.00012500387295441025
teup-a,teupa,0.0,0.06497878321539963
teup-a,teuwa,1.0,0.9149081980148618
teup-a,teula,0.0,0.010056509384869282
teup-a,teua,0.0,0.010056509384869265
teup-ta,teupta,1.0,0.9883775504084472
teup-ta,teuwta,0.0,0.011372441845643936
teup-ta,teulta,0.0,0.00012500387295441047
teup-ta,teuta,0.0,0.00012500387295441025
teup-e,teupe,0.0,0.06497878321539963
teup-e,teuwe,1.0,0.9149081980148618
teup-e,teule,0.0,0.010056509384869282
teup-e,teue,0.0,0.010056509384869265
teup-te,teupte,1.0,0.9883775504084472
teup-te,teuwte,0.0,0.011372441845643936
teup-te,teulte,0.0,0.00012500387295441047
teup-te,teute,0.0,0.00012500387295441025
teup-i,teupi,0.0,0.06497878321539963
teup-i,teuwi,1.0,0.9149081980148618
teup-i,teuli,0.0,0.010056509384869282
teup-i,teui,0.0,0.010056509384869265
teup-ti,teupti,1.0,0.9883775504084472
teup-ti,teuwti,0.0,0.011372441845643936
teup-ti,teulti,0.0,0.00012500387295441047
teup-ti,teuti,0.0,0.00012500387295441025
teup-o,teupo,0.0,0.06497878321539963
teup-o,teuwo,1.0,0.9149081980148618
teup-o,teulo,0.0,0.010056509384869282
teup-o,teuo,0.0,0.010056509384869265
teup-to,teupto,1.0,0.9883775504084472
teup-to,teuwto,0.0,0.011372441845643936
teup-to,teulto,0.0,0.00012500387295441047
teup-to,teuto,0.0,0.00012500387295441025
teup-u,teupu,0.0,0.06497878321539963
teup-u,teuwu,1.0,0.9149081980148618
teup-u,teulu,0.0,0.010056509384869282
teup-u,teuu,0.0,0.010056509384869265
teup-tu,teuptu,1.0,0.9883775504084472
teup-tu,teuwtu,0.0,0.011372441845643936
teup-tu,teultu,0.0,0.00012500387295441047
teup-tu,teutu,0.0,0.00012500387295441025
cheop-a,cheopa,0.0,0.06497878321539963
cheop-a,cheowa,1.0,0.9149081980148618
cheop-a,cheola,0.0,0.010056509384869282
cheop-a,cheoa,0.0,0.010056509384869265
cheop-ta,cheopta,1.0,0.9883775504084472
cheop-ta,cheowta,0.0,0.011372441845643936
cheop-ta,cheolta,0.0,0.00012500387295441047
cheop-ta,cheota,0.0,0.00012500387295441025
cheop-e,cheope,0.0,0.06497878321539963
cheop-e,cheowe,1.0,0.9149081980148618
cheop-e,cheole,0.0,0.010056509384869282
cheop-e,cheoe,0.0,0.010056509384869265
cheop-te,cheopte,1.0,0.9883775504084472
cheop-te,cheowte,0.0,0.011372441845643936
cheop-te,cheolte,0.0,0.00012500387295441047
cheop-te,cheote,0.0,0.00012500387295441025
cheop-i,cheopi,0.0,0.06497878321539963
cheop-i,cheowi,1.0,0.9149081980148618
cheop-i,cheoli,0.0,0.010056509384869282
cheop-i,cheoi,0.0,0.010056509384869265
cheop-ti,cheopti,1.0,0.9883775504084472
cheop-ti,cheowti,0.0,0.011372441845643936
cheop-ti,cheolti,0.0,0.00012500387295441047
cheop-ti,cheoti,0.0,0.00012500387295441025
cheop-o,cheopo,0.0,0.06497878321539963
cheop-o,cheowo,1.0,0.9149081980148618
cheop-o,cheolo,0.0,0.010056509384869282
cheop-o,cheoo,0.0,0.010056509384869265
cheop-to,cheopto,1.0,0.9883775504084472
cheop-to,cheowto,0.0,0.011372441845643936
cheop-to,cheolto,0.0,0.00012500387295441047
cheop-to,cheoto,0.0,0.00012500387295441025
cheop-u,cheopu,0.0,0.06497878321539963
cheop-u,cheowu,1.0,0.9149081980148618
cheop-u,cheolu,0.0,0.010056509384869282
cheop-u,cheou,0.0,0.010056509384869265
cheop-tu,cheoptu,1.0,0.9883775504084472
cheop-tu,cheowtu,0.0,0.011372441845643936
cheop-tu,cheoltu,0.0,0.00012500387295441047
cheop-tu,cheotu,0.0,0.00012500387295441025
tep-a,tepa,0.0,0.06497878321539963
tep-a,tewa,1.0,0.9149081980148618
tep-a,tela,0.0,0.010056509384869282
tep-a,tea,0.0,0.010056509384869265
tep-ta,tepta,1.0,0.9883775504084472
tep-ta,tewta,0.0,0.011372441845643936
tep-ta,telta,0.0,0.00012500387295441047
tep-ta,teta,0.0,0.00012500387295441025
tep-e,tepe,0.0,0.06497878321539963
tep-e,tewe,1.0,0.9149081980148618
tep-e,tele,0.0,0.010056509384869282
tep-e,tee,0.0,0.010056509384869265
tep-te,tepte,1.0,0.9883775504084472
tep-te,tewte,0.0,0.011372441845643936
tep-te,telte,0.0,0.00012500387295441047
tep-te,tete,0.0,0.00012500387295441025
tep-i,tepi,0.0,0.06497878321539963
tep-i,tewi,1.0,0.9149081980148618
tep-i,teli,0.0,0.010056509384869282
tep-i,tei,0.0,0.010056509384869265
tep-ti,tepti,1.0,0.9883775504084472
tep-ti,tewti,0.0,0.011372441845643936
tep-ti,telti,0.0,0.00012500387295441047
tep-ti,teti,0.0,0.00012500387295441025
tep-o,tepo,0.0,0.06497878321539963
tep-o,tewo,1.0,0.9149081980148618
tep-o,telo,0.0,0.010056509384869282
tep-o,teo,0.0,0.010056509384869265
tep-to,tepto,1.0,0.9883775504084472
tep-to,tewto,0.0,0.011372441845643936
tep-to,telto,0.0,0.00012500387295441047
tep-to,teto,0.0,0.00012500387295441025
tep-u,tepu,0.0,0.06497878321539963
tep-u,tewu,1.0,0.9149081980148618
tep-u,telu,0.0,0.010056509384869282
tep-u,teu,0.0,0.010056509384869265
tep-tu,teptu,1.0,0.9883775504084472
tep-tu,tewtu,0.0,0.011372441845643936
tep-tu,teltu,0.0,0.00012500387295441047
tep-tu,tetu,0.0,0.00012500387295441025
heup-a,heupa,0.0,0.06497878321539963
heup-a,heuwa,1.0,0.9149081980148618
heup-a,heula,0.0,0.010056509384869282
heup-a,heua,0.0,0.010056509384869265
heup-ta,heupta,1.0,0.9883775504084472
heup-ta,heuwta,0.0,0.011372441845643936
heup-ta,heulta,0.0,0.00012500387295441047
heup-ta,heuta,0.0,0.00012500387295441025
heup-e,heupe,0.0,0.06497878321539963
heup-e,heuwe,1.0,0.9149081980148618
heup-e,heule,0.0,0.010056509384869282
heup-e,heue,0.0,0.010056509384869265
heup-te,heupte,1.0,0.9883775504084472
heup-te,heuwte,0.0,0.011372441845643936
heup-te,heulte,0.0,0.00012500387295441047
heup-te,heute,0.0,0.00012500387295441025
heup-i,heupi,0.0,0.06497878321539963
heup-i,heuwi,1.0,0.9149081980148618
heup-i,heuli,0.0,0.010056509384869282
heup-i,heui,0.0,0.010056509384869265
heup-ti,heupti,1.0,0.9883775504084472
heup-ti,heuwti,0.0,0.011372441845643936
heup-ti,heulti,0.0,0.00012500387295441047
heup-ti,heuti,0.0,0.00012500387295441025
heup-o,heupo,0.0,0.06497878321539963
heup-o,heuwo,1.0,0.9149081980148618
heup-o,heulo,0.0,0.010056509384869282
heup-o,heuo,0.0,0.010056509384869265
heup-to,heupto,1.0,0.9883775504084472
heup-to,heuwto,0.0,0.011372441845643936
heup-to,heulto,0.0,0.00012500387295441047
heup-to,heuto,0.0,0.00012500387295441025
heup-u,heupu,0.0,0.06497878321539963
heup-u,heuwu,1.0,0.9149081980148618
heup-u,heulu,0.0,0.010056509384869282
heup-u,heuu,0.0,0.010056509384869265
heup-tu,heuptu,1.0,0.9883775504084472
heup-tu,heuwtu,0.0,0.011372441845643936
heup-tu,heultu,0.0,0.00012500387295441047
heup-tu,heutu,0.0,0.00012500387295441025
rwip-a,rwipa,0.0,0.06497878321539963
rwip-a,rwiwa,1.0,0.9149081980148618
rwip-a,rwila,0.0,0.010056509384869282
rwip-a,rwia,0.0,0.010056509384869265
rwip-ta,rwipta,1.0,0.9883775504084472
rwip-ta,rwiwta,0.0,0.011372441845643936
rwip-ta,rwilta,0.0,0.00012500387295441047
rwip-ta,rwita,0.0,0.00012500387295441025
rwip-e,rwipe,0.0,0.06497878321539963
rwip-e,rwiwe,1.0,0.9149081980148618
rwip-e,rwile,0.0,0.010056509384869282
rwip-e,rwie,0.0,0.010056509384869265
rwip-te,rwipte,1.0,0.9883775504084472
rwip-te,rwiwte,0.0,0.011372441845643936
rwip-te,rwilte,0.0,0.00012500387295441047
rwip-te,rwite,0.0,0.00012500387295441025
rwip-i,rwipi,0.0,0.06497878321539963
rwip-i,rwiwi,1.0,0.9149081980148618
rwip-i,rwili,0.0,0.010056509384869282
rwip-i,rwii,0.0,0.010056509384869265
rwip-ti,rwipti,1.0,0.9883775504084472
rwip-ti,rwiwti,0.0,0.011372441845643936
rwip-ti,rwilti,0.0,0.00012500387295441047
rwip-ti,rwiti,0.0,0.00012500387295441025
rwip-o,rwipo,0.0,0.06497878321539963
rwip-o,rwiwo,1.0,0.9149081980148618
rwip-o,rwilo,0.0,0.010056509384869282
rwip-o,rwio,0.0,0.010056509384869265
rwip-to,rwipto,1.0,0.9883775504084472
rwip-to,rwiwto,0.0,0.011372441845643936
rwip-to,rwilto,0.0,0.00012500387295441047
rwip-to,rwito,0.0,0.00012500387295441025
rwip-u,rwipu,0.0,0.06497878321539963
rwip-u,rwiwu,1.0,0.9149081980148618
rwip-u,rwilu,0.0,0.010056509384869282
rwip-u,rwiu,0.0,0.010056509384869265
rwip-tu,rwiptu,1.0,0.9883775504084472
rwip-tu,rwiwtu,0.0,0.011372441845643936
rwip-tu,rwiltu,0.0,0.00012500387295441047
rwip-tu,rwitu,0.0,0.00012500387295441025
jjwip-a,jjwipa,0.0,0.06497878321539963
jjwip-a,jjwiwa,1.0,0.9149081980148618
jjwip-a,jjwila,0.0,0.010056509384869282
jjwip-a,jjwia,0.0,0.010056509384869265
jjwip-ta,jjwipta,1.0,0.9883775504084472
jjwip-ta,jjwiwta,0.0,0.011372441845643936
jjwip-ta,jjwilta,0.0,0.00012500387295441047
jjwip-ta,jjwita,0.0,0.00012500387295441025
jjwip-e,jjwipe,0.0,0.06497878321539963
jjwip-e,jjwiwe,1.0,0.9149081980148618
jjwip-e,jjwile,0.0,0.010056509384869282
jjwip-e,jjwie,0.0,0.010056509384869265
jjwip-te,jjwipte,1.0,0.9883775504084472
jjwip-te,jjwiwte,0.0,0.011372441845643936
jjwip-te,jjwilte,0.0,0.00012500387295441047
jjwip-te,jjwite,0.0,0.00012500387295441025
jjwip-i,jjwipi,0.0,0.06497878321539963
jjwip-i,jjwiwi,1.0,0.9149081980148618
jjwip-i,jjwili,0.0,0.010056509384869282
jjwip-i,jjwii,0.0,0.010056509384869265
jjwip-ti,jjwipti,1.0,0.9883775504084472
jjwip-ti,jjwiwti,0.0,0.011372441845643936
jjwip-ti,jjwilti,0.0,0.00012500387295441047
jjwip-ti,jjwiti,0.0,0.00012500387295441025
jjwip-o,jjwipo,0.0,0.06497878321539963
jjwip-o,jjwiwo,1.0,0.9149081980148618
jjwip-o,jjwilo,0.0,0.010056509384869282
jjwip-o,jjwio,0.0,0.010056509384869265
jjwip-to,jjwipto,1.0,0.9883775504084472
jjwip-to,jjwiwto,0.0,0.011372441845643936
jjwip-to,jjwilto,0.0,0.00012500387295441047
jjwip-to,jjwito,0.0,0.00012500387295441025
jjwip-u,jjwipu,0.0,0.06497878321539963
jjwip-u,jjwiwu,1.0,0.9149081980148618
jjwip-u,jjwilu,0.0,0.010056509384869282
jjwip-u,jjwiu,0.0,0.010056509384869265
jjwip-tu,jjwiptu,1.0,0.9883775504084472
jjwip-tu,jjwiwtu,0.0,0.011372441845643936
jjwip-tu,jjwiltu,0.0,0.00012500387295441047
jjwip-tu,jjwitu,0.0,0.00012500387295441025
paep-a,paepa,0.0,0.06497878321539963
paep-a,paewa,1.0,0.9149081980148618
paep-a,paela,0.0,0.010056509384869282
paep-a,paea,0.0,0.010056509384869265
paep-ta,paepta,1.0,0.9883775504084472
paep-ta,paewta,0.0,0.011372441845643936
paep-ta,paelta,0.0,0.00012500387295441047
paep-ta,paeta,0.0,0.00012500387295441025
paep-e,paepe,0.0,0.06497878321539963
paep-e,paewe,1.0,0.9149081980148618
paep-e,paele,0.0,0.010056509384869282
paep-e,paee,0.0,0.010056509384869265
paep-te,paepte,1.0,0.9883775504084472
paep-te,paewte,0.0,0.011372441845643936
paep-te,paelte,0.0,0.00012500387295441047
paep-te,paete,0.0,0.00012500387295441025
paep-i,paepi,0.0,0.06497878321539963
paep-i,paewi,1.0,0.9149081980148618
paep-i,paeli,0.0,0.010056509384869282
paep-i,paei,0.0,0.010056509384869265
paep-ti,paepti,1.0,0.9883775504084472
paep-ti,paewti,0.0,0.011372441845643936
paep-ti,paelti,0.0,0.00012500387295441047
paep-ti,paeti,0.0,0.00012500387295441025
paep-o,paepo,0.0,0.06497878321539963
paep-o,paewo,1.0,0.9149081980148618
paep-o,paelo,0.0,0.010056509384869282
paep-o,paeo,0.0,0.010056509384869265
paep-to,paepto,1.0,0.9883775504084472
paep-to,paewto,0.0,0.011372441845643936
paep-to,paelto,0.0,0.00012500387295441047
paep-to,paeto,0.0,0.00012500387295441025
paep-u,paepu,0.0,0.06497878321539963
paep-u,paewu,1.0,0.9149081980148618
paep-u,paelu,0.0,0.010056509384869282
paep-u,paeu,0.0,0.010056509384869265
paep-tu,paeptu,1.0,0.9883775504084472
paep-tu,paewtu,0.0,0.011372441845643936
paep-tu,paeltu,0.0,0.00012500387295441047
paep-tu,paetu,0.0,0.00012500387295441025
bop-a,bopa,0.0,0.06497878321539963
bop-a,bowa,1.0,0.9149081980148618
bop-a,bola,0.0,0.010056509384869282
bop-a,boa,0.0,0.010056509384869265
bop-ta,bopta,1.0,0.9883775504084472
bop-ta,bowta,0.0,0.011372441845643936
bop-ta,bolta,0.0,0.00012500387295441047
bop-ta,bota,0.0,0.00012500387295441025
bop-e,bope,0.0,0.06497878321539963
bop-e,bowe,1.0,0.9149081980148618
bop-e,bole,0.0,0.010056509384869282
bop-e,boe,0.0,0.010056509384869265
bop-te,bopte,1.0,0.9883775504084472
bop-te,bowte,0.0,0.011372441845643936
bop-te,bolte,0.0,0.00012500387295441047
bop-te,bote,0.0,0.00012500387295441025
bop-i,bopi,0.0,0.06497878321539963
bop-i,bowi,1.0,0.9149081980148618
bop-i,boli,0.0,0.010056509384869282
bop-i,boi,0.0,0.010056509384869265
bop-ti,bopti,1.0,0.9883775504084472
bop-ti,bowti,0.0,0.011372441845643936
bop-ti,bolti,0.0,0.00012500387295441047
bop-ti,boti,0.0,0.00012500387295441025
bop-o,bopo,0.0,0.06497878321539963
bop-o,bowo,1.0,0.9149081980148618
bop-o,bolo,0.0,0.010056509384869282
bop-o,boo,0.0,0.010056509384869265
bop-to,bopto,1.0,0.9883775504084472
bop-to,bowto,0.0,0.011372441845643936
bop-to,bolto,0.0,0.00012500387295441047
bop-to,boto,0.0,0.00012500387295441025
bop-u,bopu,0.0,0.06497878321539963
bop-u,bowu,1.0,0.9149081980148618
bop-u,bolu,0.0,0.010056509384869282
bop-u,bou,0.0,0.010056509384869265
bop-tu,boptu,1.0,0.9883775504084472
bop-tu,bowtu,0.0,0.011372441845643936
bop-tu,boltu,0.0,0.00012500387295441047
bop-tu,botu,0.0,0.00012500387295441025
bup-a,bupa,0.0,0.06497878321539963
bup-a,buwa,1.0,0.9149081980148618
bup-a,bula,0.0,0.010056509384869282
bup-a,bua,0.0,0.010056509384869265
bup-ta,bupta,1.0,0.9883775504084472
bup-ta,buwta,0.0,0.011372441845643936
bup-ta,bulta,0.0,0.00012500387295441047
bup-ta,buta,0.0,0.00012500387295441025
bup-e,bupe,0.0,0.06497878321539963
bup-e,buwe,1.0,0.9149081980148618
bup-e,bule,0.0,0.010056509384869282
bup-e,bue,0.0,0.010056509384869265
bup-te,bupte,1.0,0.9883775504084472
bup-te,buwte,0.0,0.011372441845643936
bup-te,bulte,0.0,0.00012500387295441047
bup-te,bute,0.0,0.00012500387295441025
bup-i,bupi,0.0,0.06497878321539963
bup-i,buwi,1.0,0.9149081980148618
bup-i,buli,0.0,0.010056509384869282
bup-i,bui,0.0,0.010056509384869265
bup-ti,bupti,1.0,0.9883775504084472
bup-ti,buwti,0.0,0.011372441845643936
bup-ti,bulti,0.0,0.00012500387295441047
bup-ti,buti,0.0,0.00012500387295441025
bup-o,bupo,0.0,0.06497878321539963
bup-o,buwo,1.0,0.9149081980148618
bup-o,bulo,0.0,0.010056509384869282
bup-o,buo,0.0,0.010056509384869265
bup-to,bupto,1.0,0.9883775504084472
bup-to,buwto,0.0,0.011372441845643936
bup-to,bulto,0.0,0.00012500387295441047
bup-to,buto,0.0,0.00012500387295441025
bup-u,bupu,0.0,0.06497878321539963
bup-u,buwu,1.0,0.9149081980148618
bup-u,bulu,0.0,0.010056509384869282
bup-u,buu,0.0,0.010056509384869265
bup-tu,buptu,1.0,0.9883775504084472
bup-tu,buwtu,0.0,0.011372441845643936
bup-tu,bultu,0.0,0.00012500387295441047
bup-tu,butu,0.0,0.00012500387295441025
mip-a,mipa,0.0,0.06497878321539963
mip-a,miwa,1.0,0.9149081980148618
mip-a,mila,0.0,0.010056509384869282
mip-a,mia,0.0,0.010056509384869265
mip-ta,mipta,1.0,0.9883775504084472
mip-ta,miwta,0.0,0.011372441845643936
mip-ta,milta,0.0,0.00012500387295441047
mip-ta,mita,0.0,0.00012500387295441025
mip-e,mipe,0.0,0.06497878321539963
mip-e,miwe,1.0,0.9149081980148618
mip-e,mile,0.0,0.010056509384869282
mip-e,mie,0.0,0.010056509384869265
mip-te,mipte,1.0,0.9883775504084472
mip-te,miwte,0.0,0.011372441845643936
mip-te,milte,0.0,0.00012500387295441047
mip-te,mite,0.0,0.00012500387295441025
mip-i,mipi,0.0,0.06497878321539963
mip-i,miwi,1.0,0.9149081980148618
mip-i,mili,0.0,0.010056509384869282
mip-i,mii,0.0,0.010056509384869265
mip-ti,mipti,1.0,0.9883775504084472
mip-ti,miwti,0.0,0.011372441845643936
mip-ti,milti,0.0,0.00012500387295441047
mip-ti,miti,0.0,0.00012500387295441025
mip-o,mipo,0.0,0.06497878321539963
mip-o,miwo,1.0,0.9149081980148618
mip-o,milo,0.0,0.010056509384869282
mip-o,mio,0.0,0.010056509384869265
mip-to,mipto,1.0,0.9883775504084472
mip-to,miwto,0.0,0.011372441845643936
mip-to,milto,0.0,0.00012500387295441047
mip-to,mito,0.0,0.00012500387295441025
mip-u,mipu,0.0,0.06497878321539963
mip-u,miwu,1.0,0.9149081980148618
mip-u,milu,0.0,0.010056509384869282
mip-u,miu,0.0,0.010056509384869265
mip-tu,miptu,1.0,0.9883775504084472
mip-tu,miwtu,0.0,0.011372441845643936
mip-tu,miltu,0.0,0.00012500387295441047
mip-tu,mitu,0.0,0.00012500387295441025
dwip-a,dwipa,0.0,0.06497878321539963
dwip-a,dwiwa,1.0,0.9149081980148618
dwip-a,dwila,0.0,0.010056509384869282
dwip-a,dwia,0.0,0.010056509384869265
dwip-ta,dwipta,1.0,0.9883775504084472
dwip-ta,dwiwta,0.0,0.011372441845643936
dwip-ta,dwilta,0.0,0.00012500387295441047
dwip-ta,dwita,0.0,0.00012500387295441025
dwip-e,dwipe,0.0,0.06497878321539963
dwip-e,dwiwe,1.0,0.9149081980148618
dwip-e,dwile,0.0,0.010056509384869282
dwip-e,dwie,0.0,0.010056509384869265
dwip-te,dwipte,1.0,0.9883775504084472
dwip-te,dwiwte,0.0,0.011372441845643936
dwip-te,dwilte,0.0,0.00012500387295441047
dwip-te,dwite,0.0,0.00012500387295441025
dwip-i,dwipi,0.0,0.06497878321539963
dwip-i,dwiwi,1.0,0.9149081980148618
dwip-i,dwili,0.0,0.010056509384869282
dwip-i,dwii,0.0,0.010056509384869265
dwip-ti,dwipti,1.0,0.9883775504084472
dwip-ti,dwiwti,0.0,0.011372441845643936
dwip-ti,dwilti,0.0,0.00012500387295441047
dwip-ti,dwiti,0.0,0.00012500387295441025
dwip-o,dwipo,0.0,0.06497878321539963
dwip-o,dwiwo,1.0,0.9149081980148618
dwip-o,dwilo,0.0,0.010056509384869282
dwip-o,dwio,0.0,0.010056509384869265
dwip-to,dwipto,1.0,0.9883775504084472
dwip-to,dwiwto,0.0,0.011372441845643936
dwip-to,dwilto,0.0,0.00012500387295441047
dwip-to,dwito,0.0,0.00012500387295441025
dwip-u,dwipu,0.0,0.06497878321539963
dwip-u,dwiwu,1.0,0.9149081980148618
dwip-u,dwilu,0.0,0.010056509384869282
dwip-u,dwiu,0.0,0.010056509384869265
dwip-tu,dwiptu,1.0,0.9883775504084472
dwip-tu,dwiwtu,0.0,0.011372441845643936
dwip-tu,dwiltu,0.0,0.00012500387295441047
dwip-tu,dwitu,0.0,0.00012500387295441025
choep-a,choepa,0.0,0.06497878321539963
choep-a,choewa,1.0,0.9149081980148618
choep-a,choela,0.0,0.010056509384869282
choep-a,choea,0.0,0.010056509384869265
choep-ta,choepta,1.0,0.9883775504084472
choep-ta,choewta,0.0,0.011372441845643936
choep-ta,choelta,0.0,0.00012500387295441047
choep-ta,choeta,0.0,0.00012500387295441025
choep-e,choepe,0.0,0.06497878321539963
choep-e,choewe,1.0,0.9149081980148618
choep-e,choele,0.0,0.010056509384869282
choep-e,choee,0.0,0.010056509384869265
choep-te,choepte,1.0,0.9883775504084472
choep-te,choewte,0.0,0.011372441845643936
choep-te,choelte,0.0,0.00012500387295441047
choep-te,choete,0.0,0.00012500387295441025
choep-i,choepi,0.0,0.06497878321539963
choep-i,choewi,1.0,0.9149081980148618
choep-i,choeli,0.0,0.010056509384869282
choep-i,choei,0.0,0.010056509384869265
choep-ti,choepti,1.0,0.9883775504084472
choep-ti,choewti,0.0,0.011372441845643936
choep-ti,choelti,0.0,0.00012500387295441047
choep-ti,choeti,0.0,0.00012500387295441025
choep-o,choepo,0.0,0.06497878321539963
choep-o,choewo,1.0,0.9149081980148618
choep-o,choelo,0.0,0.010056509384869282
choep-o,choeo,0.0,0.010056509384869265
choep-to,choepto,1.0,0.9883775504084472
choep-to,choewto,0.0,0.011372441845643936
choep-to,choelto,0.0,0.00012500387295441047
choep-to,choeto,0.0,0.00012500387295441025
choep-u,choepu,0.0,0.06497878321539963
choep-u,choewu,1.0,0.9149081980148618
choep-u,choelu,0.0,0.010056509384869282
choep-u,choeu,0.0,0.010056509384869265
choep-tu,choeptu,1.0,0.9883775504084472
choep-tu,choewtu,0.0,0.011372441845643936
choep-tu,choeltu,0.0,0.00012500387295441047
choep-tu,choetu,0.0,0.00012500387295441025
sop-a,sopa,0.0,0.06497878321539963
sop-a,sowa,1.0,0.9149081980148618
sop-a,sola,0.0,0.010056509384869282
sop-a,soa,0.0,0.010056509384869265
sop-ta,sopta,1.0,0.9883775504084472
sop-ta,sowta,0.0,0.011372441845643936
sop-ta,solta,0.0,0.00012500387295441047
sop-ta,sota,0.0,0.00012500387295441025
sop-e,sope,0.0,0.06497878321539963
sop-e,sowe,1.0,0.9149081980148618
sop-e,sole,0.0,0.010056509384869282
sop-e,soe,0.0,0.010056509384869265
sop-te,sopte,1.0,0.9883775504084472
sop-te,sowte,0.0,0.011372441845643936
sop-te,solte,0.0,0.00012500387295441047
sop-te,sote,0.0,0.00012500387295441025
sop-i,sopi,0.0,0.06497878321539963
sop-i,sowi,1.0,0.9149081980148618
sop-i,soli,0.0,0.010056509384869282
sop-i,soi,0.0,0.010056509384869265
sop-ti,sopti,1.0,0.9883775504084472
sop-ti,sowti,0.0,0.011372441845643936
sop-ti,solti,0.0,0.00012500387295441047
sop-ti,soti,0.0,0.00012500387295441025
sop-o,sopo,0.0,0.06497878321539963
sop-o,sowo,1.0,0.9149081980148618
sop-o,solo,0.0,0.010056509384869282
sop-o,soo,0.0,0.010056509384869265
sop-to,sopto,1.0,0.9883775504084472
sop-to,sowto,0.0,0.011372441845643936
sop-to,solto,0.0,0.00012500387295441047
sop-to,soto,0.0,0.00012500387295441025
sop-u,sopu,0.0,0.06497878321539963
sop-u,sowu,1.0,0.9149081980148618
sop-u,solu,0.0,0.010056509384869282
sop-u,sou,0.0,0.010056509384869265
sop-tu,soptu,1.0,0.9883775504084472
sop-tu,sowtu,0.0,0.011372441845643936
sop-tu,soltu,0.0,0.00012500387295441047
sop-tu,sotu,0.0,0.00012500387295441025
swip-a,swipa,0.0,0.06497878321539963
swip-a,swiwa,1.0,0.9149081980148618
swip-a,swila,0.0,0.010056509384869282
swip-a,swia,0.0,0.010056509384869265
swip-ta,swipta,1.0,0.9883775504084472
swip-ta,swiwta,0.0,0.011372441845643936
swip-ta,swilta,0.0,0.00012500387295441047
swip-ta,swita,0.0,0.00012500387295441025
swip-e,swipe,0.0,0.06497878321539963
swip-e,swiwe,1.0,0.9149081980148618
swip-e,swile,0.0,0.010056509384869282
swip-e,swie,0.0,0.010056509384869265
swip-te,swipte,1.0,0.9883775504084472
swip-te,swiwte,0.0,0.011372441845643936
swip-te,swilte,0.0,0.00012500387295441047
swip-te,swite,0.0,0.00012500387295441025
swip-i,swipi,0.0,0.06497878321539963
swip-i,swiwi,1.0,0.9149081980148618
swip-i,swili,0.0,0.010056509384869282
swip-i,swii,0.0,0.010056509384869265
swip-ti,swipti,1.0,0.9883775504084472
swip-ti,swiwti,0.0,0.011372441845643936
swip-ti,swilti,0.0,0.00012500387295441047
swip-ti,switi,0.0,0.00012500387295441025
swip-o,swipo,0.0,0.06497878321539963
swip-o,swiwo,1.0,0.9149081980148618
swip-o,swilo,0.0,0.010056509384869282
swip-o,swio,0.0,0.010056509384869265
swip-to,swipto,1.0,0.9883775504084472
swip-to,swiwto,0.0,0.011372441845643936
swip-to,swilto,0.0,0.00012500387295441047
swip-to,swito,0.0,0.00012500387295441025
swip-u,swipu,0.0,0.06497878321539963
swip-u,swiwu,1.0,0.9149081980148618
swip-u,swilu,0.0,0.010056509384869282
swip-u,swiu,0.0,0.010056509384869265
swip-tu,swiptu,1.0,0.9883775504084472
swip-tu,swiwtu,0.0,0.011372441845643936
swip-tu,swiltu,0.0,0.00012500387295441047
swip-tu,switu,0.0,0.00012500387295441025
pwip-a,pwipa,0.0,0.06497878321539963
pwip-a,pwiwa,1.0,0.9149081980148618
pwip-a,pwila,0.0,0.010056509384869282
pwip-a,pwia,0.0,0.010056509384869265
pwip-ta,pwipta,1.0,0.9883775504084472
pwip-ta,pwiwta,0.0,0.011372441845643936
pwip-ta,pwilta,0.0,0.00012500387295441047
pwip-ta,pwita,0.0,0.00012500387295441025
pwip-e,pwipe,0.0,0.06497878321539963
pwip-e,pwiwe,1.0,0.9149081980148618
pwip-e,pwile,0.0,0.010056509384869282
pwip-e,pwie,0.0,0.010056509384869265
pwip-te,pwipte,1.0,0.9883775504084472
pwip-te,pwiwte,0.0,0.011372441845643936
pwip-te,pwilte,0.0,0.00012500387295441047
pwip-te,pwite,0.0,0.00012500387295441025
pwip-i,pwipi,0.0,0.06497878321539963
pwip-i,pwiwi,1.0,0.9149081980148618
pwip-i,pwili,0.0,0.010056509384869282
pwip-i,pwii,0.0,0.010056509384869265
pwip-ti,pwipti,1.0,0.9883775504084472
pwip-ti,pwiwti,0.0,0.011372441845643936
pwip-ti,pwilti,0.0,0.00012500387295441047
pwip-ti,pwiti,0.0,0.00012500387295441025
pwip-o,pwipo,0.0,0.06497878321539963
pwip-o,pwiwo,1.0,0.9149081980148618
pwip-o,pwilo,0.0,0.010056509384869282
pwip-o,pwio,0.0,0.010056509384869265
pwip-to,pwipto,1.0,0.9883775504084472
pwip-to,pwiwto,0.0,0.011372441845643936
pwip-to,pwilto,0.0,0.00012500387295441047
pwip-to,pwito,0.0,0.00012500387295441025
pwip-u,pwipu,0.0,0.06497878321539963
pwip-u,pwiwu,1.0,0.9149081980148618
pwip-u,pwilu,0.0,0.010056509384869282
pwip-u,pwiu,0.0,0.010056509384869265
pwip-tu,pwiptu,1.0,0.9883775504084472
pwip-tu,pwiwtu,0.0,0.011372441845643936
pwip-tu,pwiltu,0.0,0.00012500387295441047
pwip-tu,pwitu,0.0,0.00012500387295441025
jjeop-a,jjeopa,0.0,0.06497878321539963
jjeop-a,jjeowa,1.0,0.9149081980148618
jjeop-a,jjeola,0.0,0.010056509384869282
jjeop-a,jjeoa,0.0,0.010056509384869265
jjeop-ta,jjeopta,1.0,0.9883775504084472
jjeop-ta,jjeowta,0.0,0.011372441845643936
jjeop-ta,jjeolta,0.0,0.00012500387295441047
jjeop-ta,jjeota,0.0,0.00012500387295441025
jjeop-e,jjeope,0.0,0.06497878321539963
jjeop-e,jjeowe,1.0,0.9149081980148618
jjeop-e,jjeole,0.0,0.010056509384869282
jjeop-e,jjeoe,0.0,0.010056509384869265
jjeop-te,jjeopte,1.0,0.9883775504084472
jjeop-te,jjeowte,0.0,0.011372441845643936
jjeop-te,jjeolte,0.0,0.00012500387295441047
jjeop-te,jjeote,0.0,0.00012500387295441025
jjeop-i,jjeopi,0.0,0.06497878321539963
jjeop-i,jjeowi,1.0,0.9149081980148618
jjeop-i,jjeoli,0.0,0.010056509384869282
jjeop-i,jjeoi,0.0,0.010056509384869265
jjeop-ti,jjeopti,1.0,0.9883775504084472
jjeop-ti,jjeowti,0.0,0.011372441845643936
jjeop-ti,jjeolti,0.0,0.00012500387295441047
jjeop-ti,jjeoti,0.0,0.00012500387295441025
jjeop-o,jjeopo,0.0,0.06497878321539963
jjeop-o,jjeowo,1.0,0.9149081980148618
jjeop-o,jjeolo,0.0,0.010056509384869282
jjeop-o,jjeoo,0.0,0.010056509384869265
jjeop-to,jjeopto,1.0,0.9883775504084472
jjeop-to,jjeowto,0.0,0.011372441845643936
jjeop-to,jjeolto,0.0,0.00012500387295441047
jjeop-to,jjeoto,0.0,0.00012500387295441025
jjeop-u,jjeopu,0.0,0.06497878321539963
jjeop-u,jjeowu,1.0,0.9149081980148618
jjeop-u,jjeolu,0.0,0.010056509384869282
jjeop-u,jjeou,0.0,0.010056509384869265
jjeop-tu,jjeoptu,1.0,0.9883775504084472
jjeop-tu,jjeowtu,0.0,0.011372441845643936
jjeop-tu,jjeoltu,0.0,0.00012500387295441047
jjeop-tu,jjeotu,0.0,0.00012500387295441025
keop-a,keopa,0.0,0.06497878321539963
keop-a,keowa,1.0,0.9149081980148618
keop-a,keola,0.0,0.010056509384869282
keop-a,keoa,0.0,0.010056509384869265
keop-ta,keopta,1.0,0.9883775504084472
keop-ta,keowta,0.0,0.011372441845643936
keop-ta,keolta,0.0,0.00012500387295441047
keop-ta,keota,0.0,0.00012500387295441025
keop-e,keope,0.0,0.06497878321539963
keop-e,keowe,1.0,0.9149081980148618
keop-e,keole,0.0,0.010056509384869282
keop-e,keoe,0.0,0.010056509384869265
keop-te,keopte,1.0,0.9883775504084472
keop-te,keowte,0.0,0.011372441845643936
keop-te,keolte,0.0,0.00012500387295441047
keop-te,keote,0.0,0.00012500387295441025
keop-i,keopi,0.0,0.06497878321539963
keop-i,keowi,1.0,0.9149081980148618
keop-i,keoli,0.0,0.010056509384869282
keop-i,keoi,0.0,0.010056509384869265
keop-ti,keopti,1.0,0.9883775504084472
keop-ti,keowti,0.0,0.011372441845643936
keop-ti,keolti,0.0,0.00012500387295441047
keop-ti,keoti,0.0,0.00012500387295441025
keop-o,keopo,0.0,0.06497878321539963
keop-o,keowo,1.0,0.9149081980148618
keop-o,keolo,0.0,0.010056509384869282
keop-o,keoo,0.0,0.010056509384869265
keop-to,keopto,1.0,0.9883775504084472
keop-to,keowto,0.0,0.011372441845643936
keop-to,keolto,0.0,0.00012500387295441047
keop-to,keoto,0.0,0.00012500387295441025
keop-u,keopu,0.0,0.06497878321539963
keop-u,keowu,1.0,0.9149081980148618
keop-u,keolu,0.0,0.010056509384869282
keop-u,keou,0.0,0.010056509384869265
keop-tu,keoptu,1.0,0.9883775504084472
keop-tu,keowtu,0.0,0.011372441845643936
keop-tu,keoltu,0.0,0.00012500387295441047
keop-tu,keotu,0.0,0.00012500387295441025
soep-a,soepa,0.0,0.06497878321539963
soep-a,soewa,1.0,0.9149081980148618
soep-a,soela,0.0,0.010056509384869282
soep-a,soea,0.0,0.010056509384869265
soep-ta,soepta,1.0,0.9883775504084472
soep-ta,soewta,0.0,0.011372441845643936
soep-ta,soelta,0.0,0.00012500387295441047
soep-ta,soeta,0.0,0.00012500387295441025
soep-e,soepe,0.0,0.06497878321539963
soep-e,soewe,1.0,0.9149081980148618
soep-e,soele,0.0,0.010056509384869282
soep-e,soee,0.0,0.010056509384869265
soep-te,soepte,1.0,0.9883775504084472
soep-te,soewte,0.0,0.011372441845643936
soep-te,soelte,0.0,0.00012500387295441047
soep-te,soete,0.0,0.00012500387295441025
soep-i,soepi,0.0,0.06497878321539963
soep-i,soewi,1.0,0.9149081980148618
soep-i,soeli,0.0,0.010056509384869282
soep-i,soei,0.0,0.010056509384869265
soep-ti,soepti,1.0,0.9883775504084472
soep-ti,soewti,0.0,0.011372441845643936
soep-ti,soelti,0.0,0.00012500387295441047
soep-ti,soeti,0.0,0.00012500387295441025
soep-o,soepo,0.0,0.06497878321539963
soep-o,soewo,1.0,0.9149081980148618
soep-o,soelo,0.0,0.010056509384869282
soep-o,soeo,0.0,0.010056509384869265
soep-to,soepto,1.0,0.9883775504084472
soep-to,soewto,0.0,0.011372441845643936
soep-to,soelto,0.0,0.00012500387295441047
soep-to,soeto,0.0,0.00012500387295441025
soep-u,soepu,0.0,0.06497878321539963
soep-u,soewu,1.0,0.9149081980148618
soep-u,soelu,0.0,0.010056509384869282
soep-u,soeu,0.0,0.010056509384869265
soep-tu,soeptu,1.0,0.9883775504084472
soep-tu,soewtu,0.0,0.011372441845643936
soep-tu,soeltu,0.0,0.00012500387295441047
soep-tu,soetu,0.0,0.00012500387295441025
ssap-a,ssapa,0.0,0.06497878321539963
ssap-a,ssawa,1.0,0.9149081980148618
ssap-a,ssala,0.0,0.010056509384869282
ssap-a,ssaa,0.0,0.010056509384869265
ssap-ta,ssapta,1.0,0.9883775504084472
ssap-ta,ssawta,0.0,0.011372441845643936
ssap-ta,ssalta,0.0,0.00012500387295441047
ssap-ta,ssata,0.0,0.00012500387295441025
ssap-e,ssape,0.0,0.06497878321539963
ssap-e,ssawe,1.0,0.9149081980148618
ssap-e,ssale,0.0,0.010056509384869282
ssap-e,ssae,0.0,0.010056509384869265
ssap-te,ssapte,1.0,0.9883775504084472
ssap-te,ssawte,0.0,0.011372441845643936
ssap-te,ssalte,0.0,0.00012500387295441047
ssap-te,ssate,0.0,0.00012500387295441025
ssap-i,ssapi,0.0,0.06497878321539963
ssap-i,ssawi,1.0,0.9149081980148618
ssap-i,ssali,0.0,0.010056509384869282
ssap-i,ssai,0.0,0.010056509384869265
ssap-ti,ssapti,1.0,0.9883775504084472
ssap-ti,ssawti,0.0,0.011372441845643936
ssap-ti,ssalti,0.0,0.00012500387295441047
ssap-ti,ssati,0.0,0.00012500387295441025
ssap-o,ssapo,0.0,0.06497878321539963
ssap-o,ssawo,1.0,0.9149081980148618
ssap-o,ssalo,0.0,0.010056509384869282
ssap-o,ssao,0.0,0.010056509384869265
ssap-to,ssapto,1.0,0.9883775504084472
ssap-to,ssawto,0.0,0.011372441845643936
ssap-to,ssalto,0.0,0.00012500387295441047
ssap-to,ssato,0.0,0.00012500387295441025
ssap-u,ssapu,0.0,0.06497878321539963
ssap-u,ssawu,1.0,0.9149081980148618
ssap-u,ssalu,0.0,0.010056509384869282
ssap-u,ssau,0.0,0.010056509384869265
ssap-tu,ssaptu,1.0,0.9883775504084472
ssap-tu,ssawtu,0.0,0.011372441845643936
ssap-tu,ssaltu,0.0,0.00012500387295441047
ssap-tu,ssatu,0.0,0.00012500387295441025
taep-a,taepa,0.0,0.06497878321539963
taep-a,taewa,1.0,0.9149081980148618
taep-a,taela,0.0,0.010056509384869282
taep-a,taea,0.0,0.010056509384869265
taep-ta,taepta,1.0,0.9883775504084472
taep-ta,taewta,0.0,0.011372441845643936
taep-ta,taelta,0.0,0.00012500387295441047
taep-ta,taeta,0.0,0.00012500387295441025
taep-e,taepe,0.0,0.06497878321539963
taep-e,taewe,1.0,0.9149081980148618
taep-e,taele,0.0,0.010056509384869282
taep-e,taee,0.0,0.010056509384869265
taep-te,taepte,1.0,0.9883775504084472
taep-te,taewte,0.0,0.011372441845643936
taep-te,taelte,0.0,0.00012500387295441047
taep-te,taete,0.0,0.00012500387295441025
taep-i,taepi,0.0,0.06497878321539963
taep-i,taewi,1.0,0.9149081980148618
taep-i,taeli,0.0,0.010056509384869282
taep-i,taei,0.0,0.010056509384869265
taep-ti,taepti,1.0,0.9883775504084472
taep-ti,taewti,0.0,0.011372441845643936
taep-ti,taelti,0.0,0.00012500387295441047
taep-ti,taeti,0.0,0.00012500387295441025
taep-o,taepo,0.0,0.06497878321539963
taep-o,taewo,1.0,0.9149081980148618
taep-o,taelo,0.0,0.010056509384869282
taep-o,taeo,0.0,0.010056509384869265
taep-to,taepto,1.0,0.9883775504084472
taep-to,taewto,0.0,0.011372441845643936
taep-to,taelto,0.0,0.00012500387295441047
taep-to,taeto,0.0,0.00012500387295441025
taep-u,taepu,0.0,0.06497878321539963
taep-u,taewu,1.0,0.9149081980148618
taep-u,taelu,0.0,0.010056509384869282
taep-u,taeu,0.0,0.010056509384869265
taep-tu,taeptu,1.0,0.9883775504084472
taep-tu,taewtu,0.0,0.011372441845643936
taep-tu,taeltu,0.0,0.00012500387295441047
taep-tu,taetu,0.0,0.00012500387295441025
mwip-a,mwipa,0.0,0.06497878321539963
mwip-a,mwiwa,1.0,0.9149081980148618
mwip-a,mwila,0.0,0.010056509384869282
mwip-a,mwia,0.0,0.010056509384869265
mwip-ta,mwipta,1.0,0.9883775504084472
mwip-ta,mwiwta,0.0,0.011372441845643936
mwip-ta,mwilta,0.0,0.00012500387295441047
mwip-ta,mwita,0.0,0.00012500387295441025
mwip-e,mwipe,0.0,0.06497878321539963
mwip-e,mwiwe,1.0,0.9149081980148618
mwip-e,mwile,0.0,0.010056509384869282
mwip-e,mwie,0.0,0.010056509384869265
mwip-te,mwipte,1.0,0.9883775504084472
mwip-te,mwiwte,0.0,0.011372441845643936
mwip-te,mwilte,0.0,0.00012500387295441047
mwip-te,mwite,0.0,0.00012500387295441025
mwip-i,mwipi,0.0,0.06497878321539963
mwip-i,mwiwi,1.0,0.9149081980148618
mwip-i,mwili,0.0,0.010056509384869282
mwip-i,mwii,0.0,0.010056509384869265
mwip-ti,mwipti,1.0,0.9883775504084472
mwip-ti,mwiwti,0.0,0.011372441845643936
mwip-ti,mwilti,0.0,0.00012500387295441047
mwip-ti,mwiti,0.0,0.00012500387295441025
mwip-o,mwipo,0.0,0.06497878321539963
mwip-o,mwiwo,1.0,0.9149081980148618
mwip-o,mwilo,0.0,0.010056509384869282
mwip-o,mwio,0.0,0.010056509384869265
mwip-to,mwipto,1.0,0.9883775504084472
mwip-to,mwiwto,0.0,0.011372441845643936
mwip-to,mwilto,0.0,0.00012500387295441047
mwip-to,mwito,0.0,0.00012500387295441025
mwip-u,mwipu,0.0,0.06497878321539963
mwip-u,mwiwu,1.0,0.9149081980148618
mwip-u,mwilu,0.0,0.010056509384869282
mwip-u,mwiu,0.0,0.010056509384869265
mwip-tu,mwiptu,1.0,0.9883775504084472
mwip-tu,mwiwtu,0.0,0.011372441845643936
mwip-tu,mwiltu,0.0,0.00012500387295441047
mwip-tu,mwitu,0.0,0.00012500387295441025
rup-a,rupa,0.0,0.06497878321539963
rup-a,ruwa,1.0,0.9149081980148618
rup-a,rula,0.0,0.010056509384869282
rup-a,rua,0.0,0.010056509384869265
rup-ta,rupta,1.0,0.9883775504084472
rup-ta,ruwta,0.0,0.011372441845643936
rup-ta,rulta,0.0,0.00012500387295441047
rup-ta,ruta,0.0,0.00012500387295441025
rup-e,rupe,0.0,0.06497878321539963
rup-e,ruwe,1.0,0.9149081980148618
rup-e,rule,0.0,0.010056509384869282
rup-e,rue,0.0,0.010056509384869265
rup-te,rupte,1.0,0.9883775504084472
rup-te,ruwte,0.0,0.011372441845643936
rup-te,rulte,0.0,0.00012500387295441047
rup-te,rute,0.0,0.00012500387295441025
rup-i,rupi,0.0,0.06497878321539963
rup-i,ruwi,1.0,0.9149081980148618
rup-i,ruli,0.0,0.010056509384869282
rup-i,rui,0.0,0.010056509384869265
rup-ti,rupti,1.0,0.9883775504084472
rup-ti,ruwti,0.0,0.011372441845643936
rup-ti,rulti,0.0,0.00012500387295441047
rup-ti,ruti,0.0,0.00012500387295441025
rup-o,rupo,0.0,0.06497878321539963
rup-o,ruwo,1.0,0.9149081980148618
rup-o,rulo,0.0,0.010056509384869282
rup-o,ruo,0.0,0.010056509384869265
rup-to,rupto,1.0,0.9883775504084472
rup-to,ruwto,0.0,0.011372441845643936
rup-to,rulto,0.0,0.00012500387295441047
rup-to,ruto,0.0,0.00012500387295441025
rup-u,rupu,0.0,0.06497878321539963
rup-u,ruwu,1.0,0.9149081980148618
rup-u,rulu,0.0,0.010056509384869282
rup-u,ruu,0.0,0.010056509384869265
rup-tu,ruptu,1.0,0.9883775504084472
rup-tu,ruwtu,0.0,0.011372441845643936
rup-tu,rultu,0.0,0.00012500387295441047
rup-tu,rutu,0.0,0.00012500387295441025
chwip-a,chwipa,0.0,0.06497878321539963
chwip-a,chwiwa,1.0,0.9149081980148618
chwip-a,chwila,0.0,0.010056509384869282
chwip-a,chwia,0.0,0.010056509384869265
chwip-ta,chwipta,1.0,0.9883775504084472
chwip-ta,chwiwta,0.0,0.011372441845643936
chwip-ta,chwilta,0.0,0.00012500387295441047
chwip-ta,chwita,0.0,0.00012500387295441025
chwip-e,chwipe,0.0,0.06497878321539963
chwip-e,chwiwe,1.0,0.9149081980148618
chwip-e,chwile,0.0,0.010056509384869282
chwip-e,chwie,0.0,0.010056509384869265
chwip-te,chwipte,1.0,0.9883775504084472
chwip-te,chwiwte,0.0,0.011372441845643936
chwip-te,chwilte,0.0,0.00012500387295441047
chwip-te,chwite,0.0,0.00012500387295441025
chwip-i,chwipi,0.0,0.06497878321539963
chwip-i,chwiwi,1.0,0.9149081980148618
chwip-i,chwili,0.0,0.010056509384869282
chwip-i,chwii,0.0,0.010056509384869265
chwip-ti,chwipti,1.0,0.9883775504084472
chwip-ti,chwiwti,0.0,0.011372441845643936
chwip-ti,chwilti,0.0,0.00012500387295441047
chwip-ti,chwiti,0.0,0.00012500387295441025
chwip-o,chwipo,0.0,0.06497878321539963
chwip-o,chwiwo,1.0,0.9149081980148618
chwip-o,chwilo,0.0,0.010056509384869282
chwip-o,chwio,0.0,0.010056509384869265
chwip-to,chwipto,1.0,0.9883775504084472
chwip-to,chwiwto,0.0,0.011372441845643936
chwip-to,chwilto,0.0,0.00012500387295441047
chwip-to,chwito,0.0,0.00012500387295441025
chwip-u,chwipu,0.0,0.06497878321539963
chwip-u,chwiwu,1.0,0.9149081980148618
chwip-u,chwilu,0.0,0.010056509384869282
chwip-u,chwiu,0.0,0.010056509384869265
chwip-tu,chwiptu,1.0,0.9883775504084472
chwip-tu,chwiwtu,0.0,0.011372441845643936
chwip-tu,chwiltu,0.0,0.00012500387295441047
chwip-tu,chwitu,0.0,0.00012500387295441025
bep-a,bepa,0.0,0.06497878321539963
bep-a,bewa,1.0,0.9149081980148618
bep-a,bela,0.0,0.010056509384869282
bep-a,bea,0.0,0.010056509384869265
bep-ta,bepta,1.0,0.9883775504084472
bep-ta,bewta,0.0,0.011372441845643936
bep-ta,belta,0.0,0.00012500387295441047
bep-ta,beta,0.0,0.00012500387295441025
bep-e,bepe,0.0,0.06497878321539963
bep-e,bewe,1.0,0.9149081980148618
bep-e,bele,0.0,0.010056509384869282
bep-e,bee,0.0,0.010056509384869265
bep-te,bepte,1.0,0.9883775504084472
bep-te,bewte,0.0,0.011372441845643936
bep-te,belte,0.0,0.00012500387295441047
bep-te,bete,0.0,0.00012500387295441025
bep-i,bepi,0.0,0.06497878321539963
bep-i,bewi,1.0,0.9149081980148618
bep-i,beli,0.0,0.010056509384869282
bep-i,bei,0.0,0.010056509384869265
bep-ti,bepti,1.0,0.9883775504084472
bep-ti,bewti,0.0,0.011372441845643936
bep-ti,belti,0.0,0.00012500387295441047
bep-ti,beti,0.0,0.00012500387295441025
bep-o,bepo,0.0,0.06497878321539963
bep-o,bewo,1.0,0.9149081980148618
bep-o,belo,0.0,0.010056509384869282
bep-o,beo,0.0,0.010056509384869265
bep-to,bepto,1.0,0.9883775504084472
bep-to,bewto,0.0,0.011372441845643936
bep-to,belto,0.0,0.00012500387295441047
bep-to,beto,0.0,0.00012500387295441025
bep-u,bepu,0.0,0.06497878321539963
bep-u,bewu,1.0,0.9149081980148618
bep-u,belu,0.0,0.010056509384869282
bep-u,beu,0.0,0.010056509384869265
bep-tu,beptu,1.0,0.9883775504084472
bep-tu,bewtu,0.0,0.011372441845643936
bep-tu,beltu,0.0,0.00012500387295441047
bep-tu,betu,0.0,0.00012500387295441025
peup-a,peupa,0.0,0.06497878321539963
peup-a,peuwa,1.0,0.9149081980148618
peup-a,peula,0.0,0.010056509384869282
peup-a,peua,0.0,0.010056509384869265
peup-ta,peupta,1.0,0.9883775504084472
peup-ta,peuwta,0.0,0.011372441845643936
peup-ta,peulta,0.0,0.00012500387295441047
peup-ta,peuta,0.0,0.00012500387295441025
peup-e,peupe,0.0,0.06497878321539963
peup-e,peuwe,1.0,0.9149081980148618
peup-e,peule,0.0,0.010056509384869282
peup-e,peue,0.0,0.010056509384869265
peup-te,peupte,1.0,0.9883775504084472
peup-te,peuwte,0.0,0.011372441845643936
peup-te,peulte,0.0,0.00012500387295441047
peup-te,peute,0.0,0.00012500387295441025
peup-i,peupi,0.0,0.06497878321539963
peup-i,peuwi,1.0,0.9149081980148618
peup-i,peuli,0.0,0.010056509384869282
peup-i,peui,0.0,0.010056509384869265
peup-ti,peupti,1.0,0.9883775504084472
peup-ti,peuwti,0.0,0.011372441845643936
peup-ti,peulti,0.0,0.00012500387295441047
peup-ti,peuti,0.0,0.00012500387295441025
peup-o,peupo,0.0,0.06497878321539963
peup-o,peuwo,1.0,0.9149081980148618
peup-o,peulo,0.0,0.010056509384869282
peup-o,peuo,0.0,0.010056509384869265
peup-to,peupto,1.0,0.9883775504084472
peup-to,peuwto,0.0,0.011372441845643936
peup-to,peulto,0.0,0.00012500387295441047
peup-to,peuto,0.0,0.00012500387295441025
peup-u,peupu,0.0,0.06497878321539963
peup-u,peuwu,1.0,0.9149081980148618
peup-u,peulu,0.0,0.010056509384869282
peup-u,peuu,0.0,0.010056509384869265
peup-tu,peuptu,1.0,0.9883775504084472
peup-tu,peuwtu,0.0,0.011372441845643936
peup-tu,peultu,0.0,0.00012500387295441047
peup-tu,peutu,0.0,0.00012500387295441025
ppep-a,ppepa,0.0,0.06497878321539963
ppep-a,ppewa,1.0,0.9149081980148618
ppep-a,ppela,0.0,0.010056509384869282
ppep-a,ppea,0.0,0.010056509384869265
ppep-ta,ppepta,1.0,0.9883775504084472
ppep-ta,ppewta,0.0,0.011372441845643936
ppep-ta,ppelta,0.0,0.00012500387295441047
ppep-ta,ppeta,0.0,0.00012500387295441025
ppep-e,ppepe,0.0,0.06497878321539963
ppep-e,ppewe,1.0,0.9149081980148618
ppep-e,ppele,0.0,0.010056509384869282
ppep-e,ppee,0.0,0.010056509384869265
ppep-te,ppepte,1.0,0.9883775504084472
ppep-te,ppewte,0.0,0.011372441845643936
ppep-te,ppelte,0.0,0.00012500387295441047
ppep-te,ppete,0.0,0.00012500387295441025
ppep-i,ppepi,0.0,0.06497878321539963
ppep-i,ppewi,1.0,0.9149081980148618
ppep-i,ppeli,0.0,0.010056509384869282
ppep-i,ppei,0.0,0.010056509384869265
ppep-ti,ppepti,1.0,0.9883775504084472
ppep-ti,ppewti,0.0,0.011372441845643936
ppep-ti,ppelti,0.0,0.00012500387295441047
ppep-ti,ppeti,0.0,0.00012500387295441025
ppep-o,ppepo,0.0,0.06497878321539963
ppep-o,ppewo,1.0,0.9149081980148618
ppep-o,ppelo,0.0,0.010056509384869282
ppep-o,ppeo,0.0,0.010056509384869265
ppep-to,ppepto,1.0,0.9883775504084472
ppep-to,ppewto,0.0,0.011372441845643936
ppep-to,ppelto,0.0,0.00012500387295441047
ppep-to,ppeto,0.0,0.00012500387295441025
ppep-u,ppepu,0.0,0.06497878321539963
ppep-u,ppewu,1.0,0.9149081980148618
ppep-u,ppelu,0.0,0.010056509384869282
ppep-u,ppeu,0.0,0.010056509384869265
ppep-tu,ppeptu,1.0,0.9883775504084472
ppep-tu,ppewtu,0.0,0.011372441845643936
ppep-tu,ppeltu,0.0,0.00012500387295441047
ppep-tu,ppetu,0.0,0.00012500387295441025
chop-a,chopa,0.0,0.06497878321539963
chop-a,chowa,1.0,0.9149081980148618
chop-a,chola,0.0,0.010056509384869282
chop-a,choa,0.0,0.010056509384869265
chop-ta,chopta,1.0,0.9883775504084472
chop-ta,chowta,0.0,0.011372441845643936
chop-ta,cholta,0.0,0.00012500387295441047
chop-ta,chota,0.0,0.00012500387295441025
chop-e,chope,0.0,0.06497878321539963
chop-e,chowe,1.0,0.9149081980148618
chop-e,chole,0.0,0.010056509384869282
chop-e,choe,0.0,0.010056509384869265
chop-te,chopte,1.0,0.9883775504084472
chop-te,chowte,0.0,0.011372441845643936
chop-te,cholte,0.0,0.00012500387295441047
chop-te,chote,0.0,0.00012500387295441025
chop-i,chopi,0.0,0.06497878321539963
chop-i,chowi,1.0,0.9149081980148618
chop-i,choli,0.0,0.010056509384869282
chop-i,choi,0.0,0.010056509384869265
chop-ti,chopti,1.0,0.9883775504084472
chop-ti,chowti,0.0,0.011372441845643936
chop-ti,cholti,0.0,0.00012500387295441047
chop-ti,choti,0.0,0.00012500387295441025
chop-o,chopo,0.0,0.06497878321539963
chop-o,chowo,1.0,0.9149081980148618
chop-o,cholo,0.0,0.010056509384869282
chop-o,choo,0.0,0.010056509384869265
chop-to,chopto,1.0,0.9883775504084472
chop-to,chowto,0.0,0.011372441845643936
chop-to,cholto,0.0,0.00012500387295441047
chop-to,choto,0.0,0.00012500387295441025
chop-u,chopu,0.0,0.06497878321539963
chop-u,chowu,1.0,0.9149081980148618
chop-u,cholu,0.0,0.010056509384869282
chop-u,chou,0.0,0.010056509384869265
chop-tu,choptu,1.0,0.9883775504084472
chop-tu,chowtu,0.0,0.011372441845643936
chop-tu,choltu,0.0,0.00012500387295441047
chop-tu,chotu,0.0,0.00012500387295441025
keup-a,keupa,0.0,0.06497878321539963
keup-a,keuwa,1.0,0.9149081980148618
keup-a,keula,0.0,0.010056509384869282
keup-a,keua,0.0,0.010056509384869265
keup-ta,keupta,1.0,0.9883775504084472
keup-ta,keuwta,0.0,0.011372441845643936
keup-ta,keulta,0.0,0.00012500387295441047
keup-ta,keuta,0.0,0.00012500387295441025
keup-e,keupe,0.0,0.06497878321539963
keup-e,keuwe,1.0,0.9149081980148618
keup-e,keule,0.0,0.010056509384869282
keup-e,keue,0.0,0.010056509384869265
keup-te,keupte,1.0,0.9883775504084472
keup-te,keuwte,0.0,0.011372441845643936
keup-te,keulte,0.0,0.00012500387295441047
keup-te,keute,0.0,0.00012500387295441025
keup-i,keupi,0.0,0.06497878321539963
keup-i,keuwi,1.0,0.9149081980148618
keup-i,keuli,0.0,0.010056509384869282
keup-i,keui,0.0,0.010056509384869265
keup-ti,keupti,1.0,0.9883775504084472
keup-ti,keuwti,0.0,0.011372441845643936
keup-ti,keulti,0.0,0.00012500387295441047
keup-ti,keuti,0.0,0.00012500387295441025
keup-o,keupo,0.0,0.06497878321539963
keup-o,keuwo,1.0,0.9149081980148618
keup-o,keulo,0.0,0.010056509384869282
keup-o,keuo,0.0,0.010056509384869265
keup-to,keupto,1.0,0.9883775504084472
keup-to,keuwto,0.0,0.011372441845643936
keup-to,keulto,0.0,0.00012500387295441047
keup-to,keuto,0.0,0.00012500387295441025
keup-u,keupu,0.0,0.06497878321539963
keup-u,keuwu,1.0,0.9149081980148618
keup-u,keulu,0.0,0.010056509384869282
keup-u,keuu,0.0,0.010056509384869265
keup-tu,keuptu,1.0,0.9883775504084472
keup-tu,keuwtu,0.0,0.011372441845643936
keup-tu,keultu,0.0,0.00012500387295441047
keup-tu,keutu,0.0,0.00012500387295441025
geup-a,geupa,0.0,0.06497878321539963
geup-a,geuwa,1.0,0.9149081980148618
geup-a,geula,0.0,0.010056509384869282
geup-a,geua,0.0,0.010056509384869265
geup-ta,geupta,1.0,0.9883775504084472
geup-ta,geuwta,0.0,0.011372441845643936
geup-ta,geulta,0.0,0.00012500387295441047
geup-ta,geuta,0.0,0.00012500387295441025
geup-e,geupe,0.0,0.06497878321539963
geup-e,geuwe,1.0,0.9149081980148618
geup-e,geule,0.0,0.010056509384869282
geup-e,geue,0.0,0.010056509384869265
geup-te,geupte,1.0,0.9883775504084472
geup-te,geuwte,0.0,0.011372441845643936
geup-te,geulte,0.0,0.00012500387295441047
geup-te,geute,0.0,0.00012500387295441025
geup-i,geupi,0.0,0.06497878321539963
geup-i,geuwi,1.0,0.9149081980148618
geup-i,geuli,0.0,0.010056509384869282
geup-i,geui,0.0,0.010056509384869265
geup-ti,geupti,1.0,0.9883775504084472
geup-ti,geuwti,0.0,0.011372441845643936
geup-ti,geulti,0.0,0.00012500387295441047
geup-ti,geuti,0.0,0.00012500387295441025
geup-o,geupo,0.0,0.06497878321539963
geup-o,geuwo,1.0,0.9149081980148618
geup-o,geulo,0.0,0.010056509384869282
geup-o,geuo,0.0,0.010056509384869265
geup-to,geupto,1.0,0.9883775504084472
geup-to,geuwto,0.0,0.011372441845643936
geup-to,geulto,0.0,0.00012500387295441047
geup-to,geuto,0.0,0.00012500387295441025
geup-u,geupu,0.0,0.06497878321539963
geup-u,geuwu,1.0,0.9149081980148618
geup-u,geulu,0.0,0.010056509384869282
geup-u,geuu,0.0,0.010056509384869265
geup-tu,geuptu,1.0,0.9883775504084472
geup-tu,geuwtu,0.0,0.011372441845643936
geup-tu,geultu,0.0,0.00012500387295441047
geup-tu,geutu,0.0,0.00012500387295441025
nip-a,nipa,0.0,0.06497878321539963
nip-a,niwa,1.0,0.9149081980148618
nip-a,nila,0.0,0.010056509384869282
nip-a,nia,0.0,0.010056509384869265
nip-ta,nipta,1.0,0.9883775504084472
nip-ta,niwta,0.0,0.011372441845643936
nip-ta,nilta,0.0,0.00012500387295441047
nip-ta,nita,0.0,0.00012500387295441025
nip-e,nipe,0.0,0.06497878321539963
nip-e,niwe,1.0,0.9149081980148618
nip-e,nile,0.0,0.010056509384869282
nip-e,nie,0.0,0.010056509384869265
nip-te,nipte,1.0,0.9883775504084472
nip-te,niwte,0.0,0.011372441845643936
nip-te,nilte,0.0,0.00012500387295441047
nip-te,nite,0.0,0.00012500387295441025
nip-i,nipi,0.0,0.06497878321539963
nip-i,niwi,1.0,0.9149081980148618
nip-i,nili,0.0,0.010056509384869282
nip-i,nii,0.0,0.010056509384869265
nip-ti,nipti,1.0,0.9883775504084472
nip-ti,niwti,0.0,0.011372441845643936
nip-ti,nilti,0.0,0.00012500387295441047
nip-ti,niti,0.0,0.00012500387295441025
nip-o,nipo,0.0,0.06497878321539963
nip-o,niwo,1.0,0.9149081980148618
nip-o,nilo,0.0,0.010056509384869282
nip-o,nio,0.0,0.010056509384869265
nip-to,nipto,1.0,0.9883775504084472
nip-to,niwto,0.0,0.011372441845643936
nip-to,nilto,0.0,0.00012500387295441047
nip-to,nito,0.0,0.00012500387295441025
nip-u,nipu,0.0,0.06497878321539963
nip-u,niwu,1.0,0.9149081980148618
nip-u,nilu,0.0,0.010056509384869282
nip-u,niu,0.0,0.010056509384869265
nip-tu,niptu,1.0,0.9883775504084472
nip-tu,niwtu,0.0,0.011372441845643936
nip-tu,niltu,0.0,0.00012500387295441047
nip-tu,nitu,0.0,0.00012500387295441025
ppip-a,ppipa,0.0,0.06497878321539963
ppip-a,ppiwa,1.0,0.9149081980148618
ppip-a,ppila,0.0,0.010056509384869282
ppip-a,ppia,0.0,0.010056509384869265
ppip-ta,ppipta,1.0,0.9883775504084472
ppip-ta,ppiwta,0.0,0.011372441845643936
ppip-ta,ppilta,0.0,0.00012500387295441047
ppip-ta,ppita,0.0,0.00012500387295441025
ppip-e,ppipe,0.0,0.06497878321539963
ppip-e,ppiwe,1.0,0.9149081980148618
ppip-e,ppile,0.0,0.010056509384869282
ppip-e,ppie,0.0,0.010056509384869265
ppip-te,ppipte,1.0,0.9883775504084472
ppip-te,ppiwte,0.0,0.011372441845643936
ppip-te,ppilte,0.0,0.00012500387295441047
ppip-te,ppite,0.0,0.00012500387295441025
ppip-i,ppipi,0.0,0.06497878321539963
ppip-i,ppiwi,1.0,0.9149081980148618
ppip-i,ppili,0.0,0.010056509384869282
ppip-i,ppii,0.0,0.010056509384869265
ppip-ti,ppipti,1.0,0.9883775504084472
ppip-ti,ppiwti,0.0,0.011372441845643936
ppip-ti,ppilti,0.0,0.00012500387295441047
ppip-ti,ppiti,0.0,0.00012500387295441025
ppip-o,ppipo,0.0,0.06497878321539963
ppip-o,ppiwo,1.0,0.9149081980148618
ppip-o,ppilo,0.0,0.010056509384869282
ppip-o,ppio,0.0,0.010056509384869265
ppip-to,ppipto,1.0,0.9883775504084472
ppip-to,ppiwto,0.0,0.011372441845643936
ppip-to,ppilto,0.0,0.00012500387295441047
ppip-to,ppito,0.0,0.00012500387295441025
ppip-u,ppipu,0.0,0.06497878321539963
ppip-u,ppiwu,1.0,0.9149081980148618
ppip-u,ppilu,0.0,0.010056509384869282
ppip-u,ppiu,0.0,0.010056509384869265
ppip-tu,ppiptu,1.0,0.9883775504084472
ppip-tu,ppiwtu,0.0,0.011372441845643936
ppip-tu,ppiltu,0.0,0.00012500387295441047
ppip-tu,ppitu,0.0,0.00012500387295441025
saep-a,saepa,0.0,0.06497878321539963
saep-a,saewa,1.0,0.9149081980148618
saep-a,saela,0.0,0.010056509384869282
saep-a,saea,0.0,0.010056509384869265
saep-ta,saepta,1.0,0.9883775504084472
saep-ta,saewta,0.0,0.011372441845643936
saep-ta,saelta,0.0,0.00012500387295441047
saep-ta,saeta,0.0,0.00012500387295441025
saep-e,saepe,0.0,0.06497878321539963
saep-e,saewe,1.0,0.9149081980148618
saep-e,saele,0.0,0.010056509384869282
saep-e,saee,0.0,0.010056509384869265
saep-te,saepte,1.0,0.9883775504084472
saep-te,saewte,0.0,0.011372441845643936
saep-te,saelte,0.0,0.00012500387295441047
saep-te,saete,0.0,0.00012500387295441025
saep-i,saepi,0.0,0.06497878321539963
saep-i,saewi,1.0,0.9149081980148618
saep-i,saeli,0.0,0.010056509384869282
saep-i,saei,0.0,0.010056509384869265
saep-ti,saepti,1.0,0.9883775504084472
saep-ti,saewti,0.0,0.011372441845643936
saep-ti,saelti,0.0,0.00012500387295441047
saep-ti,saeti,0.0,0.00012500387295441025
saep-o,saepo,0.0,0.06497878321539963
saep-o,saewo,1.0,0.9149081980148618
saep-o,saelo,0.0,0.010056509384869282
saep-o,saeo,0.0,0.010056509384869265
saep-to,saepto,1.0,0.9883775504084472
saep-to,saewto,0.0,0.011372441845643936
saep-to,saelto,0.0,0.00012500387295441047
saep-to,saeto,0.0,0.00012500387295441025
saep-u,saepu,0.0,0.06497878321539963
saep-u,saewu,1.0,0.9149081980148618
saep-u,saelu,0.0,0.010056509384869282
saep-u,saeu,0.0,0.010056509384869265
saep-tu,saeptu,1.0,0.9883775504084472
saep-tu,saewtu,0.0,0.011372441845643936
saep-tu,saeltu,0.0,0.00012500387295441047
saep-tu,saetu,0.0,0.00012500387295441025
noep-a,noepa,0.0,0.06497878321539963
noep-a,noewa,1.0,0.9149081980148618
noep-a,noela,0.0,0.010056509384869282
noep-a,noea,0.0,0.010056509384869265
noep-ta,noepta,1.0,0.9883775504084472
noep-ta,noewta,0.0,0.011372441845643936
noep-ta,noelta,0.0,0.00012500387295441047
noep-ta,noeta,0.0,0.00012500387295441025
noep-e,noepe,0.0,0.06497878321539963
noep-e,noewe,1.0,0.9149081980148618
noep-e,noele,0.0,0.010056509384869282
noep-e,noee,0.0,0.010056509384869265
noep-te,noepte,1.0,0.9883775504084472
noep-te,noewte,0.0,0.011372441845643936
noep-te,noelte,0.0,0.00012500387295441047
noep-te,noete,0.0,0.00012500387295441025
noep-i,noepi,0.0,0.06497878321539963
noep-i,noewi,1.0,0.9149081980148618
noep-i,noeli,0.0,0.010056509384869282
noep-i,noei,0.0,0.010056509384869265
noep-ti,noepti,1.0,0.9883775504084472
noep-ti,noewti,0.0,0.011372441845643936
noep-ti,noelti,0.0,0.00012500387295441047
noep-ti,noeti,0.0,0.00012500387295441025
noep-o,noepo,0.0,0.06497878321539963
noep-o,noewo,1.0,0.9149081980148618
noep-o,noelo,0.0,0.010056509384869282
noep-o,noeo,0.0,0.010056509384869265
noep-to,noepto,1.0,0.9883775504084472
noep-to,noewto,0.0,0.011372441845643936
noep-to,noelto,0.0,0.00012500387295441047
noep-to,noeto,0.0,0.00012500387295441025
noep-u,noepu,0.0,0.06497878321539963
noep-u,noewu,1.0,0.9149081980148618
noep-u,noelu,0.0,0.010056509384869282
noep-u,noeu,0.0,0.010056509384869265
noep-tu,noeptu,1.0,0.9883775504084472
noep-tu,noewtu,0.0,0.011372441845643936
noep-tu,noeltu,0.0,0.00012500387295441047
noep-tu,noetu,0.0,0.00012500387295441025
kkap-a,kkapa,0.0,0.06497878321539963
kkap-a,kkawa,1.0,0.9149081980148618
kkap-a,kkala,0.0,0.010056509384869282
kkap-a,kkaa,0.0,0.010056509384869265
kkap-ta,kkapta,1.0,0.9883775504084472
kkap-ta,kkawta,0.0,0.011372441845643936
kkap-ta,kkalta,0.0,0.00012500387295441047
kkap-ta,kkata,0.0,0.00012500387295441025
kkap-e,kkape,0.0,0.06497878321539963
kkap-e,kkawe,1.0,0.9149081980148618
kkap-e,kkale,0.0,0.010056509384869282
kkap-e,kkae,0.0,0.010056509384869265
kkap-te,kkapte,1.0,0.9883775504084472
kkap-te,kkawte,0.0,0.011372441845643936
kkap-te,kkalte,0.0,0.00012500387295441047
kkap-te,kkate,0.0,0.00012500387295441025
kkap-i,kkapi,0.0,0.06497878321539963
kkap-i,kkawi,1.0,0.9149081980148618
kkap-i,kkali,0.0,0.010056509384869282
kkap-i,kkai,0.0,0.010056509384869265
kkap-ti,kkapti,1.0,0.9883775504084472
kkap-ti,kkawti,0.0,0.011372441845643936
kkap-ti,kkalti,0.0,0.00012500387295441047
kkap-ti,kkati,0.0,0.00012500387295441025
kkap-o,kkapo,0.0,0.06497878321539963
kkap-o,kkawo,1.0,0.9149081980148618
kkap-o,kkalo,0.0,0.010056509384869282
kkap-o,kkao,0.0,0.010056509384869265
kkap-to,kkapto,1.0,0.9883775504084472
kkap-to,kkawto,0.0,0.011372441845643936
kkap-to,kkalto,0.0,0.00012500387295441047
kkap-to,kkato,0.0,0.00012500387295441025
kkap-u,kkapu,0.0,0.06497878321539963
kkap-u,kkawu,1.0,0.9149081980148618
kkap-u,kkalu,0.0,0.010056509384869282
kkap-u,kkau,0.0,0.010056509384869265
kkap-tu,kkaptu,1.0,0.9883775504084472
kkap-tu,kkawtu,0.0,0.011372441845643936
kkap-tu,kkaltu,0.0,0.00012500387295441047
kkap-tu,kkatu,0.0,0.00012500387295441025
jjup-a,jjupa,0.0,0.06497878321539963
jjup-a,jjuwa,1.0,0.9149081980148618
jjup-a,jjula,0.0,0.010056509384869282
jjup-a,jjua,0.0,0.010056509384869265
jjup-ta,jjupta,1.0,0.9883775504084472
jjup-ta,jjuwta,0.0,0.011372441845643936
jjup-ta,jjulta,0.0,0.00012500387295441047
jjup-ta,jjuta,0.0,0.00012500387295441025
jjup-e,jjupe,0.0,0.06497878321539963
jjup-e,jjuwe,1.0,0.9149081980148618
jjup-e,jjule,0.0,0.010056509384869282
jjup-e,jjue,0.0,0.010056509384869265
jjup-te,jjupte,1.0,0.9883775504084472
jjup-te,jjuwte,0.0,0.011372441845643936
jjup-te,jjulte,0.0,0.00012500387295441047
jjup-te,jjute,0.0,0.00012500387295441025
jjup-i,jjupi,0.0,0.06497878321539963
jjup-i,jjuwi,1.0,0.9149081980148618
jjup-i,jjuli,0.0,0.010056509384869282
jjup-i,jjui,0.0,0.010056509384869265
jjup-ti,jjupti,1.0,0.9883775504084472
jjup-ti,jjuwti,0.0,0.011372441845643936
jjup-ti,jjulti,0.0,0.00012500387295441047
jjup-ti,jjuti,0.0,0.00012500387295441025
jjup-o,jjupo,0.0,0.06497878321539963
jjup-o,jjuwo,1.0,0.9149081980148618
jjup-o,jjulo,0.0,0.010056509384869282
jjup-o,jjuo,0.0,0.010056509384869265
jjup-to,jjupto,1.0,0.9883775504084472
jjup-to,jjuwto,0.0,0.011372441845643936
jjup-to,jjulto,0.0,0.00012500387295441047
jjup-to,jjuto,0.0,0.00012500387295441025
jjup-u,jjupu,0.0,0.06497878321539963
jjup-u,jjuwu,1.0,0.9149081980148618
jjup-u,jjulu,0.0,0.010056509384869282
jjup-u,jjuu,0.0,0.010056509384869265
jjup-tu,jjuptu,1.0,0.9883775504084472
jjup-tu,jjuwtu,0.0,0.011372441845643936
jjup-tu,jjultu,0.0,0.00012500387295441047
jjup-tu,jjutu,0.0,0.00012500387295441025
gwip-a,gwipa,0.0,0.06497878321539963
gwip-a,gwiwa,1.0,0.9149081980148618
gwip-a,gwila,0.0,0.010056509384869282
gwip-a,gwia,0.0,0.010056509384869265
gwip-ta,gwipta,1.0,0.9883775504084472
gwip-ta,gwiwta,0.0,0.011372441845643936
gwip-ta,gwilta,0.0,0.00012500387295441047
gwip-ta,gwita,0.0,0.00012500387295441025
gwip-e,gwipe,0.0,0.06497878321539963
gwip-e,gwiwe,1.0,0.9149081980148618
gwip-e,gwile,0.0,0.010056509384869282
gwip-e,gwie,0.0,0.010056509384869265
gwip-te,gwipte,1.0,0.9883775504084472
gwip-te,gwiwte,0.0,0.011372441845643936
gwip-te,gwilte,0.0,0.00012500387295441047
gwip-te,gwite,0.0,0.00012500387295441025
gwip-i,gwipi,0.0,0.06497878321539963
gwip-i,gwiwi,1.0,0.9149081980148618
gwip-i,gwili,0.0,0.010056509384869282
gwip-i,gwii,0.0,0.010056509384869265
gwip-ti,gwipti,1.0,0.9883775504084472
gwip-ti,gwiwti,0.0,0.011372441845643936
gwip-ti,gwilti,0.0,0.00012500387295441047
gwip-ti,gwiti,0.0,0.00012500387295441025
gwip-o,gwipo,0.0,0.06497878321539963
gwip-o,gwiwo,1.0,0.9149081980148618
gwip-o,gwilo,0.0,0.010056509384869282
gwip-o,gwio,0.0,0.010056509384869265
gwip-to,gwipto,1.0,0.9883775504084472
gwip-to,gwiwto,0.0,0.011372441845643936
gwip-to,gwilto,0.0,0.00012500387295441047
gwip-to,gwito,0.0,0.00012500387295441025
gwip-u,gwipu,0.0,0.06497878321539963
gwip-u,gwiwu,1.0,0.9149081980148618
gwip-u,gwilu,0.0,0.010056509384869282
gwip-u,gwiu,0.0,0.010056509384869265
gwip-tu,gwiptu,1.0,0.9883775504084472
gwip-tu,gwiwtu,0.0,0.011372441845643936
gwip-tu,gwiltu,0.0,0.00012500387295441047
gwip-tu,gwitu,0.0,0.00012500387295441025
jjep-a,jjepa,0.0,0.06497878321539963
jjep-a,jjewa,1.0,0.9149081980148618
jjep-a,jjela,0.0,0.010056509384869282
jjep-a,jjea,0.0,0.010056509384869265
jjep-ta,jjepta,1.0,0.9883775504084472
jjep-ta,jjewta,0.0,0.011372441845643936
jjep-ta,jjelta,0.0,0.00012500387295441047
jjep-ta,jjeta,0.0,0.00012500387295441025
jjep-e,jjepe,0.0,0.06497878321539963
jjep-e,jjewe,1.0,0.9149081980148618
jjep-e,jjele,0.0,0.010056509384869282
jjep-e,jjee,0.0,0.010056509384869265
jjep-te,jjepte,1.0,0.9883775504084472
jjep-te,jjewte,0.0,0.011372441845643936
jjep-te,jjelte,0.0,0.00012500387295441047
jjep-te,jjete,0.0,0.00012500387295441025
jjep-i,jjepi,0.0,0.06497878321539963
jjep-i,jjewi,1.0,0.9149081980148618
jjep-i,jjeli,0.0,0.010056509384869282
jjep-i,jjei,0.0,0.010056509384869265
jjep-ti,jjepti,1.0,0.9883775504084472
jjep-ti,jjewti,0.0,0.011372441845643936
jjep-ti,jjelti,0.0,0.00012500387295441047
jjep-ti,jjeti,0.0,0.00012500387295441025
jjep-o,jjepo,0.0,0.06497878321539963
jjep-o,jjewo,1.0,0.9149081980148618
jjep-o,jjelo,0.0,0.010056509384869282
jjep-o,jjeo,0.0,0.010056509384869265
jjep-to,jjepto,1.0,0.9883775504084472
jjep-to,jjewto,0.0,0.011372441845643936
jjep-to,jjelto,0.0,0.00012500387295441047
jjep-to,jjeto,0.0,0.00012500387295441025
jjep-u,jjepu,0.0,0.06497878321539963
jjep-u,jjewu,1.0,0.9149081980148618
jjep-u,jjelu,0.0,0.010056509384869282
jjep-u,jjeu,0.0,0.010056509384869265
jjep-tu,jjeptu,1.0,0.9883775504084472
jjep-tu,jjewtu,0.0,0.011372441845643936
jjep-tu,jjeltu,0.0,0.00012500387295441047
jjep-tu,jjetu,0.0,0.00012500387295441025
meup-a,meupa,0.0,0.06497878321539963
meup-a,meuwa,1.0,0.9149081980148618
meup-a,meula,0.0,0.010056509384869282
meup-a,meua,0.0,0.010056509384869265
meup-ta,meupta,1.0,0.9883775504084472
meup-ta,meuwta,0.0,0.011372441845643936
meup-ta,meulta,0.0,0.00012500387295441047
meup-ta,meuta,0.0,0.00012500387295441025
meup-e,meupe,0.0,0.06497878321539963
meup-e,meuwe,1.0,0.9149081980148618
meup-e,meule,0.0,0.010056509384869282
meup-e,meue,0.0,0.010056509384869265
meup-te,meupte,1.0,0.9883775504084472
meup-te,meuwte,0.0,0.011372441845643936
meup-te,meulte,0.0,0.00012500387295441047
meup-te,meute,0.0,0.00012500387295441025
meup-i,meupi,0.0,0.06497878321539963
meup-i,meuwi,1.0,0.9149081980148618
meup-i,meuli,0.0,0.010056509384869282
meup-i,meui,0.0,0.010056509384869265
meup-ti,meupti,1.0,0.9883775504084472
meup-ti,meuwti,0.0,0.011372441845643936
meup-ti,meulti,0.0,0.00012500387295441047
meup-ti,meuti,0.0,0.00012500387295441025
meup-o,meupo,0.0,0.06497878321539963
meup-o,meuwo,1.0,0.9149081980148618
meup-o,meulo,0.0,0.010056509384869282
meup-o,meuo,0.0,0.010056509384869265
meup-to,meupto,1.0,0.9883775504084472
meup-to,meuwto,0.0,0.011372441845643936
meup-to,meulto,0.0,0.00012500387295441047
meup-to,meuto,0.0,0.00012500387295441025
meup-u,meupu,0.0,0.06497878321539963
meup-u,meuwu,1.0,0.9149081980148618
meup-u,meulu,0.0,0.010056509384869282
meup-u,meuu,0.0,0.010056509384869265
meup-tu,meuptu,1.0,0.9883775504084472
meup-tu,meuwtu,0.0,0.011372441845643936
meup-tu,meultu,0.0,0.00012500387295441047
meup-tu,meutu,0.0,0.00012500387295441025
ttop-a,ttopa,0.0,0.06497878321539963
ttop-a,ttowa,1.0,0.9149081980148618
ttop-a,ttola,0.0,0.010056509384869282
ttop-a,ttoa,0.0,0.010056509384869265
ttop-ta,ttopta,1.0,0.9883775504084472
ttop-ta,ttowta,0.0,0.011372441845643936
ttop-ta,ttolta,0.0,0.00012500387295441047
ttop-ta,ttota,0.0,0.00012500387295441025
ttop-e,ttope,0.0,0.06497878321539963
ttop-e,ttowe,1.0,0.9149081980148618
ttop-e,ttole,0.0,0.010056509384869282
ttop-e,ttoe,0.0,0.010056509384869265
ttop-te,ttopte,1.0,0.9883775504084472
ttop-te,ttowte,0.0,0.011372441845643936
ttop-te,ttolte,0.0,0.00012500387295441047
ttop-te,ttote,0.0,0.00012500387295441025
ttop-i,ttopi,0.0,0.06497878321539963
ttop-i,ttowi,1.0,0.9149081980148618
ttop-i,ttoli,0.0,0.010056509384869282
ttop-i,ttoi,0.0,0.010056509384869265
ttop-ti,ttopti,1.0,0.9883775504084472
ttop-ti,ttowti,0.0,0.011372441845643936
ttop-ti,ttolti,0.0,0.00012500387295441047
ttop-ti,ttoti,0.0,0.00012500387295441025
ttop-o,ttopo,0.0,0.06497878321539963
ttop-o,ttowo,1.0,0.9149081980148618
ttop-o,ttolo,0.0,0.010056509384869282
ttop-o,ttoo,0.0,0.010056509384869265
ttop-to,ttopto,1.0,0.9883775504084472
ttop-to,ttowto,0.0,0.011372441845643936
ttop-to,ttolto,0.0,0.00012500387295441047
ttop-to,ttoto,0.0,0.00012500387295441025
ttop-u,ttopu,0.0,0.06497878321539963
ttop-u,ttowu,1.0,0.9149081980148618
ttop-u,ttolu,0.0,0.010056509384869282
ttop-u,ttou,0.0,0.010056509384869265
ttop-tu,ttoptu,1.0,0.9883775504084472
ttop-tu,ttowtu,0.0,0.011372441845643936
ttop-tu,ttoltu,0.0,0.00012500387295441047
ttop-tu,ttotu,0.0,0.00012500387295441025
jep-a,jepa,0.0,0.06497878321539963
jep-a,jewa,1.0,0.9149081980148618
jep-a,jela,0.0,0.010056509384869282
jep-a,jea,0.0,0.010056509384869265
jep-ta,jepta,1.0,0.9883775504084472
jep-ta,jewta,0.0,0.011372441845643936
jep-ta,jelta,0.0,0.00012500387295441047
jep-ta,jeta,0.0,0.00012500387295441025
jep-e,jepe,0.0,0.06497878321539963
jep-e,jewe,1.0,0.9149081980148618
jep-e,jele,0.0,0.010056509384869282
jep-e,jee,0.0,0.010056509384869265
jep-te,jepte,1.0,0.9883775504084472
jep-te,jewte,0.0,0.011372441845643936
jep-te,jelte,0.0,0.00012500387295441047
jep-te,jete,0.0,0.00012500387295441025
jep-i,jepi,0.0,0.06497878321539963
jep-i,jewi,1.0,0.9149081980148618
jep-i,jeli,0.0,0.010056509384869282
jep-i,jei,0.0,0.010056509384869265
jep-ti,jepti,1.0,0.9883775504084472
jep-ti,jewti,0.0,0.011372441845643936
jep-ti,jelti,0.0,0.00012500387295441047
jep-ti,jeti,0.0,0.00012500387295441025
jep-o,jepo,0.0,0.06497878321539963
jep-o,jewo,1.0,0.9149081980148618
jep-o,jelo,0.0,0.010056509384869282
jep-o,jeo,0.0,0.010056509384869265
jep-to,jepto,1.0,0.9883775504084472
jep-to,jewto,0.0,0.011372441845643936
jep-to,jelto,0.0,0.00012500387295441047
jep-to,jeto,0.0,0.00012500387295441025
jep-u,jepu,0.0,0.06497878321539963
jep-u,jewu,1.0,0.9149081980148618
jep-u,jelu,0.0,0.010056509384869282
jep-u,jeu,0.0,0.010056509384869265
jep-tu,jeptu,1.0,0.9883775504084472
jep-tu,jewtu,0.0,0.011372441845643936
jep-tu,jeltu,0.0,0.00012500387295441047
jep-tu,jetu,0.0,0.00012500387295441025
daep-a,daepa,0.0,0.06497878321539963
daep-a,daewa,1.0,0.9149081980148618
daep-a,daela,0.0,0.010056509384869282
daep-a,daea,0.0,0.010056509384869265
daep-ta,daepta,1.0,0.9883775504084472
daep-ta,daewta,0.0,0.011372441845643936
daep-ta,daelta,0.0,0.00012500387295441047
daep-ta,daeta,0.0,0.00012500387295441025
daep-e,daepe,0.0,0.06497878321539963
daep-e,daewe,1.0,0.9149081980148618
daep-e,daele,0.0,0.010056509384869282
daep-e,daee,0.0,0.010056509384869265
daep-te,daepte,1.0,0.9883775504084472
daep-te,daewte,0.0,0.011372441845643936
daep-te,daelte,0.0,0.00012500387295441047
daep-te,daete,0.0,0.00012500387295441025
daep-i,daepi,0.0,0.06497878321539963
daep-i,daewi,1.0,0.9149081980148618
daep-i,daeli,0.0,0.010056509384869282
daep-i,daei,0.0,0.010056509384869265
daep-ti,daepti,1.0,0.9883775504084472
daep-ti,daewti,0.0,0.011372441845643936
daep-ti,daelti,0.0,0.00012500387295441047
daep-ti,daeti,0.0,0.00012500387295441025
daep-o,daepo,0.0,0.06497878321539963
daep-o,daewo,1.0,0.9149081980148618
daep-o,daelo,0.0,0.010056509384869282
daep-o,daeo,0.0,0.010056509384869265
daep-to,daepto,1.0,0.9883775504084472
daep-to,daewto,0.0,0.011372441845643936
daep-to,daelto,0.0,0.00012500387295441047
daep-to,daeto,0.0,0.00012500387295441025
daep-u,daepu,0.0,0.06497878321539963
daep-u,daewu,1.0,0.9149081980148618
daep-u,daelu,0.0,0.010056509384869282
daep-u,daeu,0.0,0.010056509384869265
daep-tu,daeptu,1.0,0.9883775504084472
daep-tu,daewtu,0.0,0.011372441845643936
daep-tu,daeltu,0.0,0.00012500387295441047
daep-tu,daetu,0.0,0.00012500387295441025
joep-a,joepa,0.0,0.06497878321539963
joep-a,joewa,1.0,0.9149081980148618
joep-a,joela,0.0,0.010056509384869282
joep-a,joea,0.0,0.010056509384869265
joep-ta,joepta,1.0,0.9883775504084472
joep-ta,joewta,0.0,0.011372441845643936
joep-ta,joelta,0.0,0.00012500387295441047
joep-ta,joeta,0.0,0.00012500387295441025
joep-e,joepe,0.0,0.06497878321539963
joep-e,joewe,1.0,0.9149081980148618
joep-e,joele,0.0,0.010056509384869282
joep-e,joee,0.0,0.010056509384869265
joep-te,joepte,1.0,0.9883775504084472
joep-te,joewte,0.0,0.011372441845643936
joep-te,joelte,0.0,0.00012500387295441047
joep-te,joete,0.0,0.00012500387295441025
joep-i,joepi,0.0,0.06497878321539963
joep-i,joewi,1.0,0.9149081980148618
joep-i,joeli,0.0,0.010056509384869282
joep-i,joei,0.0,0.010056509384869265
joep-ti,joepti,1.0,0.9883775504084472
joep-ti,joewti,0.0,0.011372441845643936
joep-ti,joelti,0.0,0.00012500387295441047
joep-ti,joeti,0.0,0.00012500387295441025
joep-o,joepo,0.0,0.06497878321539963
joep-o,joewo,1.0,0.9149081980148618
joep-o,joelo,0.0,0.010056509384869282
joep-o,joeo,0.0,0.010056509384869265
joep-to,joepto,1.0,0.9883775504084472
joep-to,joewto,0.0,0.011372441845643936
joep-to,joelto,0.0,0.00012500387295441047
joep-to,joeto,0.0,0.00012500387295441025
joep-u,joepu,0.0,0.06497878321539963
joep-u,joewu,1.0,0.9149081980148618
joep-u,joelu,0.0,0.010056509384869282
joep-u,joeu,0.0,0.010056509384869265
joep-tu,joeptu,1.0,0.9883775504084472
joep-tu,joewtu,0.0,0.011372441845643936
joep-tu,joeltu,0.0,0.00012500387295441047
joep-tu,joetu,0.0,0.00012500387295441025
mop-a,mopa,0.0,0.06497878321539963
mop-a,mowa,1.0,0.9149081980148618
mop-a,mola,0.0,0.010056509384869282
mop-a,moa,0.0,0.010056509384869265
mop-ta,mopta,1.0,0.9883775504084472
mop-ta,mowta,0.0,0.011372441845643936
mop-ta,molta,0.0,0.00012500387295441047
mop-ta,mota,0.0,0.00012500387295441025
mop-e,mope,0.0,0.06497878321539963
mop-e,mowe,1.0,0.9149081980148618
mop-e,mole,0.0,0.010056509384869282
mop-e,moe,0.0,0.010056509384869265
mop-te,mopte,1.0,0.9883775504084472
mop-te,mowte,0.0,0.011372441845643936
mop-te,molte,0.0,0.00012500387295441047
mop-te,mote,0.0,0.00012500387295441025
mop-i,mopi,0.0,0.06497878321539963
mop-i,mowi,1.0,0.9149081980148618
mop-i,moli,0.0,0.010056509384869282
mop-i,moi,0.0,0.010056509384869265
mop-ti,mopti,1.0,0.9883775504084472
mop-ti,mowti,0.0,0.011372441845643936
mop-ti,molti,0.0,0.00012500387295441047
mop-ti,moti,0.0,0.00012500387295441025
mop-o,mopo,0.0,0.06497878321539963
mop-o,mowo,1.0,0.9149081980148618
mop-o,molo,0.0,0.010056509384869282
mop-o,moo,0.0,0.010056509384869265
mop-to,mopto,1.0,0.9883775504084472
mop-to,mowto,0.0,0.011372441845643936
mop-to,molto,0.0,0.00012500387295441047
mop-to,moto,0.0,0.00012500387295441025
mop-u,mopu,0.0,0.06497878321539963
mop-u,mowu,1.0,0.9149081980148618
mop-u,molu,0.0,0.010056509384869282
mop-u,mou,0.0,0.010056509384869265
mop-tu,moptu,1.0,0.9883775504084472
mop-tu,mowtu,0.0,0.011372441845643936
mop-tu,moltu,0.0,0.00012500387295441047
mop-tu,motu,0.0,0.00012500387295441025
mep-a,mepa,0.0,0.06497878321539963
mep-a,mewa,1.0,0.9149081980148618
mep-a,mela,0.0,0.010056509384869282
mep-a,mea,0.0,0.010056509384869265
mep-ta,mepta,1.0,0.9883775504084472
mep-ta,mewta,0.0,0.011372441845643936
mep-ta,melta,0.0,0.00012500387295441047
mep-ta,meta,0.0,0.00012500387295441025
mep-e,mepe,0.0,0.06497878321539963
mep-e,mewe,1.0,0.9149081980148618
mep-e,mele,0.0,0.010056509384869282
mep-e,mee,0.0,0.010056509384869265
mep-te,mepte,1.0,0.9883775504084472
mep-te,mewte,0.0,0.011372441845643936
mep-te,melte,0.0,0.00012500387295441047
mep-te,mete,0.0,0.00012500387295441025
mep-i,mepi,0.0,0.06497878321539963
mep-i,mewi,1.0,0.9149081980148618
mep-i,meli,0.0,0.010056509384869282
mep-i,mei,0.0,0.010056509384869265
mep-ti,mepti,1.0,0.9883775504084472
mep-ti,mewti,0.0,0.011372441845643936
mep-ti,melti,0.0,0.00012500387295441047
mep-ti,meti,0.0,0.00012500387295441025
mep-o,mepo,0.0,0.06497878321539963
mep-o,mewo,1.0,0.9149081980148618
mep-o,melo,0.0,0.010056509384869282
mep-o,meo,0.0,0.010056509384869265
mep-to,mepto,1.0,0.9883775504084472
mep-to,mewto,0.0,0.011372441845643936
mep-to,melto,0.0,0.00012500387295441047
mep-to,meto,0.0,0.00012500387295441025
mep-u,mepu,0.0,0.06497878321539963
mep-u,mewu,1.0,0.9149081980148618
mep-u,melu,0.0,0.010056509384869282
mep-u,meu,0.0,0.010056509384869265
mep-tu,meptu,1.0,0.9883775504084472
mep-tu,mewtu,0.0,0.011372441845643936
mep-tu,meltu,0.0,0.00012500387295441047
mep-tu,metu,0.0,0.00012500387295441025
ssoep-a,ssoepa,0.0,0.06497878321539963
ssoep-a,ssoewa,1.0,0.9149081980148618
ssoep-a,ssoela,0.0,0.010056509384869282
ssoep-a,ssoea,0.0,0.010056509384869265
ssoep-ta,ssoepta,1.0,0.9883775504084472
ssoep-ta,ssoewta,0.0,0.011372441845643936
ssoep-ta,ssoelta,0.0,0.00012500387295441047
ssoep-ta,ssoeta,0.0,0.00012500387295441025
ssoep-e,ssoepe,0.0,0.06497878321539963
ssoep-e,ssoewe,1.0,0.9149081980148618
ssoep-e,ssoele,0.0,0.010056509384869282
ssoep-e,ssoee,0.0,0.010056509384869265
ssoep-te,ssoepte,1.0,0.9883775504084472
ssoep-te,ssoewte,0.0,0.011372441845643936
ssoep-te,ssoelte,0.0,0.00012500387295441047
ssoep-te,ssoete,0.0,0.00012500387295441025
ssoep-i,ssoepi,0.0,0.06497878321539963
ssoep-i,ssoewi,1.0,0.9149081980148618
ssoep-i,ssoeli,0.0,0.010056509384869282
ssoep-i,ssoei,0.0,0.010056509384869265
ssoep-ti,ssoepti,1.0,0.9883775504084472
ssoep-ti,ssoewti,0.0,0.011372441845643936
ssoep-ti,ssoelti,0.0,0.00012500387295441047
ssoep-ti,ssoeti,0.0,0.00012500387295441025
ssoep-o,ssoepo,0.0,0.06497878321539963
ssoep-o,ssoewo,1.0,0.9149081980148618
ssoep-o,ssoelo,0.0,0.010056509384869282
ssoep-o,ssoeo,0.0,0.010056509384869265
ssoep-to,ssoepto,1.0,0.9883775504084472
ssoep-to,ssoewto,0.0,0.011372441845643936
ssoep-to,ssoelto,0.0,0.00012500387295441047
ssoep-to,ssoeto,0.0,0.00012500387295441025
ssoep-u,ssoepu,0.0,0.06497878321539963
ssoep-u,ssoewu,1.0,0.9149081980148618
ssoep-u,ssoelu,0.0,0.010056509384869282
ssoep-u,ssoeu,0.0,0.010056509384869265
ssoep-tu,ssoeptu,1.0,0.9883775504084472
ssoep-tu,ssoewtu,0.0,0.011372441845643936
ssoep-tu,ssoeltu,0.0,0.00012500387295441047
ssoep-tu,ssoetu,0.0,0.00012500387295441025
ttaep-a,ttaepa,0.0,0.06497878321539963
ttaep-a,ttaewa,1.0,0.9149081980148618
ttaep-a,ttaela,0.0,0.010056509384869282
ttaep-a,ttaea,0.0,0.010056509384869265
ttaep-ta,ttaepta,1.0,0.9883775504084472
ttaep-ta,ttaewta,0.0,0.011372441845643936
ttaep-ta,ttaelta,0.0,0.00012500387295441047
ttaep-ta,ttaeta,0.0,0.00012500387295441025
ttaep-e,ttaepe,0.0,0.06497878321539963
ttaep-e,ttaewe,1.0,0.9149081980148618
ttaep-e,ttaele,0.0,0.010056509384869282
ttaep-e,ttaee,0.0,0.010056509384869265
ttaep-te,ttaepte,1.0,0.9883775504084472
ttaep-te,ttaewte,0.0,0.011372441845643936
ttaep-te,ttaelte,0.0,0.00012500387295441047
ttaep-te,ttaete,0.0,0.00012500387295441025
ttaep-i,ttaepi,0.0,0.06497878321539963
ttaep-i,ttaewi,1.0,0.9149081980148618
ttaep-i,ttaeli,0.0,0.010056509384869282
ttaep-i,ttaei,0.0,0.010056509384869265
ttaep-ti,ttaepti,1.0,0.9883775504084472
ttaep-ti,ttaewti,0.0,0.011372441845643936
ttaep-ti,ttaelti,0.0,0.00012500387295441047
ttaep-ti,ttaeti,0.0,0.00012500387295441025
ttaep-o,ttaepo,0.0,0.06497878321539963
ttaep-o,ttaewo,1.0,0.9149081980148618
ttaep-o,ttaelo,0.0,0.010056509384869282
ttaep-o,ttaeo,0.0,0.010056509384869265
ttaep-to,ttaepto,1.0,0.9883775504084472
ttaep-to,ttaewto,0.0,0.011372441845643936
ttaep-to,ttaelto,0.0,0.00012500387295441047
ttaep-to,ttaeto,0.0,0.00012500387295441025
ttaep-u,ttaepu,0.0,0.06497878321539963
ttaep-u,ttaewu,1.0,0.9149081980148618
ttaep-u,ttaelu,0.0,0.010056509384869282
ttaep-u,ttaeu,0.0,0.010056509384869265
ttaep-tu,ttaeptu,1.0,0.9883775504084472
ttaep-tu,ttaewtu,0.0,0.011372441845643936
ttaep-tu,ttaeltu,0.0,0.00012500387295441047
ttaep-tu,ttaetu,0.0,0.00012500387295441025
reop-a,reopa,0.0,0.06497878321539963
reop-a,reowa,1.0,0.9149081980148618
reop-a,reola,0.0,0.010056509384869282
reop-a,reoa,0.0,0.010056509384869265
reop-ta,reopta,1.0,0.9883775504084472
reop-ta,reowta,0.0,0.011372441845643936
reop-ta,reolta,0.0,0.00012500387295441047
reop-ta,reota,0.0,0.00012500387295441025
reop-e,reope,0.0,0.06497878321539963
reop-e,reowe,1.0,0.9149081980148618
reop-e,reole,0.0,0.010056509384869282
reop-e,reoe,0.0,0.010056509384869265
reop-te,reopte,1.0,0.9883775504084472
reop-te,reowte,0.0,0.011372441845643936
reop-te,reolte,0.0,0.00012500387295441047
reop-te,reote,0.0,0.00012500387295441025
reop-i,reopi,0.0,0.06497878321539963
reop-i,reowi,1.0,0.9149081980148618
reop-i,reoli,0.0,0.010056509384869282
reop-i,reoi,0.0,0.010056509384869265
reop-ti,reopti,1.0,0.9883775504084472
reop-ti,reowti,0.0,0.011372441845643936
reop-ti,reolti,0.0,0.00012500387295441047
reop-ti,reoti,0.0,0.00012500387295441025
reop-o,reopo,0.0,0.06497878321539963
reop-o,reowo,1.0,0.9149081980148618
reop-o,reolo,0.0,0.010056509384869282
reop-o,reoo,0.0,0.010056509384869265
reop-to,reopto,1.0,0.9883775504084472
reop-to,reowto,0.0,0.011372441845643936
reop-to,reolto,0.0,0.00012500387295441047
reop-to,reoto,0.0,0.00012500387295441025
reop-u,reopu,0.0,0.06497878321539963
reop-u,reowu,1.0,0.9149081980148618
reop-u,reolu,0.0,0.010056509384869282
reop-u,reou,0.0,0.010056509384869265
reop-tu,reoptu,1.0,0.9883775504084472
reop-tu,reowtu,0.0,0.011372441845643936
reop-tu,reoltu,0.0,0.00012500387295441047
reop-tu,reotu,0.0,0.00012500387295441025
jjop-a,jjopa,0.0,0.06497878321539963
jjop-a,jjowa,1.0,0.9149081980148618
jjop-a,jjola,0.0,0.010056509384869282
jjop-a,jjoa,0.0,0.010056509384869265
jjop-ta,jjopta,1.0,0.9883775504084472
jjop-ta,jjowta,0.0,0.011372441845643936
jjop-ta,jjolta,0.0,0.00012500387295441047
jjop-ta,jjota,0.0,0.00012500387295441025
jjop-e,jjope,0.0,0.06497878321539963
jjop-e,jjowe,1.0,0.9149081980148618
jjop-e,jjole,0.0,0.010056509384869282
jjop-e,jjoe,0.0,0.010056509384869265
jjop-te,jjopte,1.0,0.9883775504084472
jjop-te,jjowte,0.0,0.011372441845643936
jjop-te,jjolte,0.0,0.00012500387295441047
jjop-te,jjote,0.0,0.00012500387295441025
jjop-i,jjopi,0.0,0.06497878321539963
jjop-i,jjowi,1.0,0.9149081980148618
jjop-i,jjoli,0.0,0.010056509384869282
jjop-i,jjoi,0.0,0.010056509384869265
jjop-ti,jjopti,1.0,0.9883775504084472
jjop-ti,jjowti,0.0,0.011372441845643936
jjop-ti,jjolti,0.0,0.00012500387295441047
jjop-ti,jjoti,0.0,0.00012500387295441025
jjop-o,jjopo,0.0,0.06497878321539963
jjop-o,jjowo,1.0,0.9149081980148618
jjop-o,jjolo,0.0,0.010056509384869282
jjop-o,jjoo,0.0,0.010056509384869265
jjop-to,jjopto,1.0,0.9883775504084472
jjop-to,jjowto,0.0,0.011372441845643936
jjop-to,jjolto,0.0,0.00012500387295441047
jjop-to,jjoto,0.0,0.00012500387295441025
jjop-u,jjopu,0.0,0.06497878321539963
jjop-u,jjowu,1.0,0.9149081980148618
jjop-u,jjolu,0.0,0.010056509384869282
jjop-u,jjou,0.0,0.010056509384869265
jjop-tu,jjoptu,1.0,0.9883775504084472
jjop-tu,jjowtu,0.0,0.011372441845643936
jjop-tu,jjoltu,0.0,0.00012500387295441047
jjop-tu,jjotu,0.0,0.00012500387295441025
ppap-a,ppapa,0.0,0.06497878321539963
ppap-a,ppawa,1.0,0.9149081980148618
ppap-a,ppala,0.0,0.010056509384869282
ppap-a,ppaa,0.0,0.010056509384869265
ppap-ta,ppapta,1.0,0.9883775504084472
ppap-ta,ppawta,0.0,0.011372441845643936
ppap-ta,ppalta,0.0,0.00012500387295441047
ppap-ta,ppata,0.0,0.00012500387295441025
ppap-e,ppape,0.0,0.06497878321539963
ppap-e,ppawe,1.0,0.9149081980148618
ppap-e,ppale,0.0,0.010056509384869282
ppap-e,ppae,0.0,0.010056509384869265
ppap-te,ppapte,1.0,0.9883775504084472
ppap-te,ppawte,0.0,0.011372441845643936
ppap-te,ppalte,0.0,0.00012500387295441047
ppap-te,ppate,0.0,0.00012500387295441025
ppap-i,ppapi,0.0,0.06497878321539963
ppap-i,ppawi,1.0,0.9149081980148618
ppap-i,ppali,0.0,0.010056509384869282
ppap-i,ppai,0.0,0.010056509384869265
ppap-ti,ppapti,1.0,0.9883775504084472
ppap-ti,ppawti,0.0,0.011372441845643936
ppap-ti,ppalti,0.0,0.00012500387295441047
ppap-ti,ppati,0.0,0.00012500387295441025
ppap-o,ppapo,0.0,0.06497878321539963
ppap-o,ppawo,1.0,0.9149081980148618
ppap-o,ppalo,0.0,0.010056509384869282
ppap-o,ppao,0.0,0.010056509384869265
ppap-to,ppapto,1.0,0.9883775504084472
ppap-to,ppawto,0.0,0.011372441845643936
ppap-to,ppalto,0.0,0.00012500387295441047
ppap-to,ppato,0.0,0.00012500387295441025
ppap-u,ppapu,0.0,0.06497878321539963
ppap-u,ppawu,1.0,0.9149081980148618
ppap-u,ppalu,0.0,0.010056509384869282
ppap-u,ppau,0.0,0.010056509384869265
ppap-tu,ppaptu,1.0,0.9883775504084472
ppap-tu,ppawtu,0.0,0.011372441845643936
ppap-tu,ppaltu,0.0,0.00012500387295441047
ppap-tu,ppatu,0.0,0.00012500387295441025
jaep-a,jaepa,1.0,0.06497878321539963
jaep-a,jaewa,0.0,0.9149081980148618
jaep-a,jaela,0.0,0.010056509384869282
jaep-a,jaea,0.0,0.010056509384869265
jaep-ta,jaepta,1.0,0.9883775504084472
jaep-ta,jaewta,0.0,0.011372441845643936
jaep-ta,jaelta,0.0,0.00012500387295441047
jaep-ta,jaeta,0.0,0.00012500387295441025
jaep-e,jaepe,1.0,0.06497878321539963
jaep-e,jaewe,0.0,0.9149081980148618
jaep-e,jaele,0.0,0.010056509384869282
jaep-e,jaee,0.0,0.010056509384869265
jaep-te,jaepte,1.0,0.9883775504084472
jaep-te,jaewte,0.0,0.011372441845643936
jaep-te,jaelte,0.0,0.00012500387295441047
jaep-te,jaete,0.0,0.00012500387295441025
jaep-i,jaepi,1.0,0.06497878321539963
jaep-i,jaewi,0.0,0.9149081980148618
jaep-i,jaeli,0.0,0.010056509384869282
jaep-i,jaei,0.0,0.010056509384869265
jaep-ti,jaepti,1.0,0.9883775504084472
jaep-ti,jaewti,0.0,0.011372441845643936
jaep-ti,jaelti,0.0,0.00012500387295441047
jaep-ti,jaeti,0.0,0.00012500387295441025
jaep-o,jaepo,1.0,0.06497878321539963
jaep-o,jaewo,0.0,0.9149081980148618
jaep-o,jaelo,0.0,0.010056509384869282
jaep-o,jaeo,0.0,0.010056509384869265
jaep-to,jaepto,1.0,0.9883775504084472
jaep-to,jaewto,0.0,0.011372441845643936
jaep-to,jaelto,0.0,0.00012500387295441047
jaep-to,jaeto,0.0,0.00012500387295441025
jaep-u,jaepu,1.0,0.06497878321539963
jaep-u,jaewu,0.0,0.9149081980148618
jaep-u,jaelu,0.0,0.010056509384869282
jaep-u,jaeu,0.0,0.010056509384869265
jaep-tu,jaeptu,1.0,0.9883775504084472
jaep-tu,jaewtu,0.0,0.011372441845643936
jaep-tu,jaeltu,0.0,0.00012500387295441047
jaep-tu,jaetu,0.0,0.00012500387295441025
kkep-a,kkepa,1.0,0.06497878321539963
kkep-a,kkewa,0.0,0.9149081980148618
kkep-a,kkela,0.0,0.010056509384869282
kkep-a,kkea,0.0,0.010056509384869265
kkep-ta,kkepta,1.0,0.9883775504084472
kkep-ta,kkewta,0.0,0.011372441845643936
kkep-ta,kkelta,0.0,0.00012500387295441047
kkep-ta,kketa,0.0,0.00012500387295441025
kkep-e,kkepe,1.0,0.06497878321539963
kkep-e,kkewe,0.0,0.9149081980148618
kkep-e,kkele,0.0,0.010056509384869282
kkep-e,kkee,0.0,0.010056509384869265
kkep-te,kkepte,1.0,0.9883775504084472
kkep-te,kkewte,0.0,0.011372441845643936
kkep-te,kkelte,0.0,0.00012500387295441047
kkep-te,kkete,0.0,0.00012500387295441025
kkep-i,kkepi,1.0,0.06497878321539963
kkep-i,kkewi,0.0,0.9149081980148618
kkep-i,kkeli,0.0,0.010056509384869282
kkep-i,kkei,0.0,0.010056509384869265
kkep-ti,kkepti,1.0,0.9883775504084472
kkep-ti,kkewti,0.0,0.011372441845643936
kkep-ti,kkelti,0.0,0.00012500387295441047
kkep-ti,kketi,0.0,0.00012500387295441025
kkep-o,kkepo,1.0,0.06497878321539963
kkep-o,kkewo,0.0,0.9149081980148618
kkep-o,kkelo,0.0,0.010056509384869282
kkep-o,kkeo,0.0,0.010056509384869265
kkep-to,kkepto,1.0,0.9883775504084472
kkep-to,kkewto,0.0,0.011372441845643936
kkep-to,kkelto,0.0,0.00012500387295441047
kkep-to,kketo,0.0,0.00012500387295441025
kkep-u,kkepu,1.0,0.06497878321539963
kkep-u,kkewu,0.0,0.9149081980148618
kkep-u,kkelu,0.0,0.010056509384869282
kkep-u,kkeu,0.0,0.010056509384869265
kkep-tu,kkeptu,1.0,0.9883775504084472
kkep-tu,kkewtu,0.0,0.011372441845643936
kkep-tu,kkeltu,0.0,0.00012500387295441047
kkep-tu,kketu,0.0,0.00012500387295441025
jjip-a,jjipa,1.0,0.06497878321539963
jjip-a,jjiwa,0.0,0.9149081980148618
jjip-a,jjila,0.0,0.010056509384869282
jjip-a,jjia,0.0,0.010056509384869265
jjip-ta,jjipta,1.0,0.9883775504084472
jjip-ta,jjiwta,0.0,0.011372441845643936
jjip-ta,jjilta,0.0,0.00012500387295441047
jjip-ta,jjita,0.0,0.00012500387295441025
jjip-e,jjipe,1.0,0.06497878321539963
jjip-e,jjiwe,0.0,0.9149081980148618
jjip-e,jjile,0.0,0.010056509384869282
jjip-e,jjie,0.0,0.010056509384869265
jjip-te,jjipte,1.0,0.9883775504084472
jjip-te,jjiwte,0.0,0.011372441845643936
jjip-te,jjilte,0.0,0.00012500387295441047
jjip-te,jjite,0.0,0.00012500387295441025
jjip-i,jjipi,1.0,0.06497878321539963
jjip-i,jjiwi,0.0,0.9149081980148618
jjip-i,jjili,0.0,0.010056509384869282
jjip-i,jjii,0.0,0.010056509384869265
jjip-ti,jjipti,1.0,0.9883775504084472
jjip-ti,jjiwti,0.0,0.011372441845643936
jjip-ti,jjilti,0.0,0.00012500387295441047
jjip-ti,jjiti,0.0,0.00012500387295441025
jjip-o,jjipo,1.0,0.06497878321539963
jjip-o,jjiwo,0.0,0.9149081980148618
jjip-o,jjilo,0.0,0.010056509384869282
jjip-o,jjio,0.0,0.010056509384869265
jjip-to,jjipto,1.0,0.9883775504084472
jjip-to,jjiwto,0.0,0.011372441845643936
jjip-to,jjilto,0.0,0.00012500387295441047
jjip-to,jjito,0.0,0.00012500387295441025
jjip-u,jjipu,1.0,0.06497878321539963
jjip-u,jjiwu,0.0,0.9149081980148618
jjip-u,jjilu,0.0,0.010056509384869282
jjip-u,jjiu,0.0,0.010056509384869265
jjip-tu,jjiptu,1.0,0.9883775504084472
jjip-tu,jjiwtu,0.0,0.011372441845643936
jjip-tu,jjiltu,0.0,0.00012500387295441047
jjip-tu,jjitu,0.0,0.00012500387295441025
rap-a,rapa,1.0,0.06497878321539963
rap-a,rawa,0.0,0.9149081980148618
rap-a,rala,0.0,0.010056509384869282
rap-a,raa,0.0,0.010056509384869265
rap-ta,rapta,1.0,0.9883775504084472
rap-ta,rawta,0.0,0.011372441845643936
rap-ta,ralta,0.0,0.00012500387295441047
rap-ta,rata,0.0,0.00012500387295441025
rap-e,rape,1.0,0.06497878321539963
rap-e,rawe,0.0,0.9149081980148618
rap-e,rale,0.0,0.010056509384869282
rap-e,rae,0.0,0.010056509384869265
rap-te,rapte,1.0,0.9883775504084472
rap-te,rawte,0.0,0.011372441845643936
rap-te,ralte,0.0,0.00012500387295441047
rap-te,rate,0.0,0.00012500387295441025
rap-i,rapi,1.0,0.06497878321539963
rap-i,rawi,0.0,0.9149081980148618
rap-i,rali,0.0,0.010056509384869282
rap-i,rai,0.0,0.010056509384869265
rap-ti,rapti,1.0,0.9883775504084472
rap-ti,rawti,0.0,0.011372441845643936
rap-ti,ralti,0.0,0.00012500387295441047
rap-ti,rati,0.0,0.00012500387295441025
rap-o,rapo,1.0,0.06497878321539963
rap-o,rawo,0.0,0.9149081980148618
rap-o,ralo,0.0,0.010056509384869282
rap-o,rao,0.0,0.010056509384869265
rap-to,rapto,1.0,0.9883775504084472
rap-to,rawto,0.0,0.011372441845643936
rap-to,ralto,0.0,0.00012500387295441047
rap-to,rato,0.0,0.00012500387295441025
rap-u,rapu,1.0,0.06497878321539963
rap-u,rawu,0.0,0.9149081980148618
rap-u,ralu,0.0,0.010056509384869282
rap-u,rau,0.0,0.010056509384869265
rap-tu,raptu,1.0,0.9883775504084472
rap-tu,rawtu,0.0,0.011372441845643936
rap-tu,raltu,0.0,0.00012500387295441047
rap-tu,ratu,0.0,0.00012500387295441025
toep-a,toepa,1.0,0.06497878321539963
toep-a,toewa,0.0,0.9149081980148618
toep-a,toela,0.0,0.010056509384869282
toep-a,toea,0.0,0.010056509384869265
toep-ta,toepta,1.0,0.9883775504084472
toep-ta,toewta,0.0,0.011372441845643936
toep-ta,toelta,0.0,0.00012500387295441047
toep-ta,toeta,0.0,0.00012500387295441025
toep-e,toepe,1.0,0.06497878321539963
toep-e,toewe,0.0,0.9149081980148618
toep-e,toele,0.0,0.010056509384869282
toep-e,toee,0.0,0.010056509384869265
toep-te,toepte,1.0,0.9883775504084472
toep-te,toewte,0.0,0.011372441845643936
toep-te,toelte,0.0,0.00012500387295441047
toep-te,toete,0.0,0.00012500387295441025
toep-i,toepi,1.0,0.06497878321539963
toep-i,toewi,0.0,0.9149081980148618
toep-i,toeli,0.0,0.010056509384869282
toep-i,toei,0.0,0.010056509384869265
toep-ti,toepti,1.0,0.9883775504084472
toep-ti,toewti,0.0,0.011372441845643936
toep-ti,toelti,0.0,0.00012500387295441047
toep-ti,toeti,0.0,0.00012500387295441025
toep-o,toepo,1.0,0.06497878321539963
toep-o,toewo,0.0,0.9149081980148618
toep-o,toelo,0.0,0.010056509384869282
toep-o,toeo,0.0,0.010056509384869265
toep-to,toepto,1.0,0.9883775504084472
toep-to,toewto,0.0,0.011372441845643936
toep-to,toelto,0.0,0.00012500387295441047
toep-to,toeto,0.0,0.00012500387295441025
toep-u,toepu,1.0,0.06497878321539963
toep-u,toewu,0.0,0.9149081980148618
toep-u,toelu,0.0,0.010056509384869282
toep-u,toeu,0.0,0.010056509384869265
toep-tu,toeptu,1.0,0.9883775504084472
toep-tu,toewtu,0.0,0.011372441845643936
toep-tu,toeltu,0.0,0.00012500387295441047
toep-tu,toetu,0.0,0.00012500387295441025
tat-a,tata,0.0,0.06497878321539963
tat-a,taja,0.0,0.9149081980148618
tat-a,tala,1.0,0.010056509384869282
tat-a,taa,0.0,0.010056509384869265
tat-ta,tatta,1.0,0.9883775504084472
tat-ta,tajta,0.0,0.011372441845643936
tat-ta,talta,0.0,0.00012500387295441047
tat-ta,tata,0.0,0.00012500387295441025
tat-e,tate,0.0,0.06497878321539963
tat-e,taje,0.0,0.9149081980148618
tat-e,tale,1.0,0.010056509384869282
tat-e,tae,0.0,0.010056509384869265
tat-te,tatte,1.0,0.9883775504084472
tat-te,tajte,0.0,0.011372441845643936
tat-te,talte,0.0,0.00012500387295441047
tat-te,tate,0.0,0.00012500387295441025
tat-i,tati,0.0,0.06497878321539963
tat-i,taji,0.0,0.9149081980148618
tat-i,tali,1.0,0.010056509384869282
tat-i,tai,0.0,0.010056509384869265
tat-ti,tatti,1.0,0.9883775504084472
tat-ti,tajti,0.0,0.011372441845643936
tat-ti,talti,0.0,0.00012500387295441047
tat-ti,tati,0.0,0.00012500387295441025
tat-o,tato,0.0,0.06497878321539963
tat-o,tajo,0.0,0.9149081980148618
tat-o,talo,1.0,0.010056509384869282
tat-o,tao,0.0,0.010056509384869265
tat-to,tatto,1.0,0.9883775504084472
tat-to,tajto,0.0,0.011372441845643936
tat-to,talto,0.0,0.00012500387295441047
tat-to,tato,0.0,0.00012500387295441025
tat-u,tatu,0.0,0.06497878321539963
tat-u,taju,0.0,0.9149081980148618
tat-u,talu,1.0,0.010056509384869282
tat-u,tau,0.0,0.010056509384869265
tat-tu,tattu,1.0,0.9883775504084472
tat-tu,tajtu,0.0,0.011372441845643936
tat-tu,taltu,0.0,0.00012500387295441047
tat-tu,tatu,0.0,0.00012500387295441025
jat-a,jata,0.0,0.06497878321539963
jat-a,jaja,0.0,0.9149081980148618
jat-a,jala,1.0,0.010056509384869282
jat-a,jaa,0.0,0.010056509384869265
jat-ta,jatta,1.0,0.9883775504084472
jat-ta,jajta,0.0,0.011372441845643936
jat-ta,jalta,0.0,0.00012500387295441047
jat-ta,jata,0.0,0.00012500387295441025
jat-e,jate,0.0,0.06497878321539963
jat-e,jaje,0.0,0.9149081980148618
jat-e,jale,1.0,0.010056509384869282
jat-e,jae,0.0,0.010056509384869265
jat-te,jatte,1.0,0.9883775504084472
jat-te,jajte,0.0,0.011372441845643936
jat-te,jalte,0.0,0.00012500387295441047
jat-te,jate,0.0,0.00012500387295441025
jat-i,jati,0.0,0.06497878321539963
jat-i,jaji,0.0,0.9149081980148618
jat-i,jali,1.0,0.010056509384869282
jat-i,jai,0.0,0.010056509384869265
jat-ti,jatti,1.0,0.9883775504084472
jat-ti,jajti,0.0,0.011372441845643936
jat-ti,jalti,0.0,0.00012500387295441047
jat-ti,jati,0.0,0.00012500387295441025
jat-o,jato,0.0,0.06497878321539963
jat-o,jajo,0.0,0.9149081980148618
jat-o,jalo,1.0,0.010056509384869282
jat-o,jao,0.0,0.010056509384869265
jat-to,jatto,1.0,0.9883775504084472
jat-to,jajto,0.0,0.011372441845643936
jat-to,jalto,0.0,0.00012500387295441047
jat-to,jato,0.0,0.00012500387295441025
jat-u,jatu,0.0,0.06497878321539963
jat-u,jaju,0.0,0.9149081980148618
jat-u,jalu,1.0,0.010056509384869282
jat-u,jau,0.0,0.010056509384869265
jat-tu,jattu,1.0,0.9883775504084472
jat-tu,jajtu,0.0,0.011372441845643936
jat-tu,jaltu,0.0,0.00012500387295441047
jat-tu,jatu,0.0,0.00012500387295441025
ket-a,keta,0.0,0.06497878321539963
ket-a,keja,0.0,0.9149081980148618
ket-a,kela,1.0,0.010056509384869282
ket-a,kea,0.0,0.010056509384869265
ket-ta,ketta,1.0,0.9883775504084472
ket-ta,kejta,0.0,0.011372441845643936
ket-ta,kelta,0.0,0.00012500387295441047
ket-ta,keta,0.0,0.00012500387295441025
ket-e,kete,0.0,0.06497878321539963
ket-e,keje,0.0,0.9149081980148618
ket-e,kele,1.0,0.010056509384869282
ket-e,kee,0.0,0.010056509384869265
ket-te,kette,1.0,0.9883775504084472
ket-te,kejte,0.0,0.011372441845643936
ket-te,kelte,0.0,0.00012500387295441047
ket-te,kete,0.0,0.00012500387295441025
ket-i,keti,0.0,0.06497878321539963
ket-i,keji,0.0,0.9149081980148618
ket-i,keli,1.0,0.010056509384869282
ket-i,kei,0.0,0.010056509384869265
ket-ti,ketti,1.0,0.9883775504084472
ket-ti,kejti,0.0,0.011372441845643936
ket-ti,kelti,0.0,0.00012500387295441047
ket-ti,keti,0.0,0.00012500387295441025
ket-o,keto,0.0,0.06497878321539963
ket-o,kejo,0.0,0.9149081980148618
ket-o,kelo,1.0,0.010056509384869282
ket-o,keo,0.0,0.010056509384869265
ket-to,ketto,1.0,0.9883775504084472
ket-to,kejto,0.0,0.011372441845643936
ket-to,kelto,0.0,0.00012500387295441047
ket-to,keto,0.0,0.00012500387295441025
ket-u,ketu,0.0,0.06497878321539963
ket-u,keju,0.0,0.9149081980148618
ket-u,kelu,1.0,0.010056509384869282
ket-u,keu,0.0,0.010056509384869265
ket-tu,kettu,1.0,0.9883775504084472
ket-tu,kejtu,0.0,0.011372441845643936
ket-tu,keltu,0.0,0.00012500387295441047
ket-tu,ketu,0.0,0.00012500387295441025
pot-a,pota,0.0,0.06497878321539963
pot-a,poja,0.0,0.9149081980148618
pot-a,pola,1.0,0.010056509384869282
pot-a,poa,0.0,0.010056509384869265
pot-ta,potta,1.0,0.9883775504084472
pot-ta,pojta,0.0,0.011372441845643936
pot-ta,polta,0.0,0.00012500387295441047
pot-ta,pota,0.0,0.00012500387295441025
pot-e,pote,0.0,0.06497878321539963
pot-e,poje,0.0,0.9149081980148618
pot-e,pole,1.0,0.010056509384869282
pot-e,poe,0.0,0.010056509384869265
pot-te,potte,1.0,0.9883775504084472
pot-te,pojte,0.0,0.011372441845643936
pot-te,polte,0.0,0.00012500387295441047
pot-te,pote,0.0,0.00012500387295441025
pot-i,poti,0.0,0.06497878321539963
pot-i,poji,0.0,0.9149081980148618
pot-i,poli,1.0,0.010056509384869282
pot-i,poi,0.0,0.010056509384869265
pot-ti,potti,1.0,0.9883775504084472
pot-ti,pojti,0.0,0.011372441845643936
pot-ti,polti,0.0,0.00012500387295441047
pot-ti,poti,0.0,0.00012500387295441025
pot-o,poto,0.0,0.06497878321539963
pot-o,pojo,0.0,0.9149081980148618
pot-o,polo,1.0,0.010056509384869282
pot-o,poo,0.0,0.010056509384869265
pot-to,potto,1.0,0.9883775504084472
pot-to,pojto,0.0,0.011372441845643936
pot-to,polto,0.0,0.00012500387295441047
pot-to,poto,0.0,0.00012500387295441025
pot-u,potu,0.0,0.06497878321539963
pot-u,poju,0.0,0.9149081980148618
pot-u,polu,1.0,0.010056509384869282
pot-u,pou,0.0,0.010056509384869265
pot-tu,pottu,1.0,0.9883775504084472
pot-tu,pojtu,0.0,0.011372441845643936
pot-tu,poltu,0.0,0.00012500387295441047
pot-tu,potu,0.0,0.00012500387295441025
chit-a,chita,0.0,0.06497878321539963
chit-a,chija,0.0,0.9149081980148618
chit-a,chila,1.0,0.010056509384869282
chit-a,chia,0.0,0.010056509384869265
chit-ta,chitta,1.0,0.9883775504084472
chit-ta,chijta,0.0,0.011372441845643936
chit-ta,chilta,0.0,0.00012500387295441047
chit-ta,chita,0.0,0.00012500387295441025
chit-e,chite,0.0,0.06497878321539963
chit-e,chije,0.0,0.9149081980148618
chit-e,chile,1.0,0.010056509384869282
chit-e,chie,0.0,0.010056509384869265
chit-te,chitte,1.0,0.9883775504084472
chit-te,chijte,0.0,0.011372441845643936
chit-te,chilte,0.0,0.00012500387295441047
chit-te,chite,0.0,0.00012500387295441025
chit-i,chiti,0.0,0.06497878321539963
chit-i,chiji,0.0,0.9149081980148618
chit-i,chili,1.0,0.010056509384869282
chit-i,chii,0.0,0.010056509384869265
chit-ti,chitti,1.0,0.9883775504084472
chit-ti,chijti,0.0,0.011372441845643936
chit-ti,chilti,0.0,0.00012500387295441047
chit-ti,chiti,0.0,0.00012500387295441025
chit-o,chito,0.0,0.06497878321539963
chit-o,chijo,0.0,0.9149081980148618
chit-o,chilo,1.0,0.010056509384869282
chit-o,chio,0.0,0.010056509384869265
chit-to,chitto,1.0,0.9883775504084472
chit-to,chijto,0.0,0.011372441845643936
chit-to,chilto,0.0,0.00012500387295441047
chit-to,chito,0.0,0.00012500387295441025
chit-u,chitu,0.0,0.06497878321539963
chit-u,chiju,0.0,0.9149081980148618
chit-u,chilu,1.0,0.010056509384869282
chit-u,chiu,0.0,0.010056509384869265
chit-tu,chittu,1.0,0.9883775504084472
chit-tu,chijtu,0.0,0.011372441845643936
chit-tu,chiltu,0.0,0.00012500387295441047
chit-tu,chitu,0.0,0.00012500387295441025
ppeut-a,ppeuta,1.0,0.06497878321539963
ppeut-a,ppeuja,0.0,0.9149081980148618
ppeut-a,ppeula,0.0,0.010056509384869282
ppeut-a,ppeua,0.0,0.010056509384869265
ppeut-ta,ppeutta,1.0,0.9883775504084472
ppeut-ta,ppeujta,0.0,0.011372441845643936
ppeut-ta,ppeulta,0.0,0.00012500387295441047
ppeut-ta,ppeuta,0.0,0.00012500387295441025
ppeut-e,ppeute,1.0,0.06497878321539963
ppeut-e,ppeuje,0.0,0.9149081980148618
ppeut-e,ppeule,0.0,0.010056509384869282
ppeut-e,ppeue,0.0,0.010056509384869265
ppeut-te,ppeutte,1.0,0.9883775504084472
ppeut-te,ppeujte,0.0,0.011372441845643936
ppeut-te,ppeulte,0.0,0.00012500387295441047
ppeut-te,ppeute,0.0,0.00012500387295441025
ppeut-i,ppeuti,1.0,0.06497878321539963
ppeut-i,ppeuji,0.0,0.9149081980148618
ppeut-i,ppeuli,0.0,0.010056509384869282
ppeut-i,ppeui,0.0,0.010056509384869265
ppeut-ti,ppeutti,1.0,0.9883775504084472
ppeut-ti,ppeujti,0.0,0.011372441845643936
ppeut-ti,ppeulti,0.0,0.00012500387295441047
ppeut-ti,ppeuti,0.0,0.00012500387295441025
ppeut-o,ppeuto,1.0,0.06497878321539963
ppeut-o,ppeujo,0.0,0.9149081980148618
ppeut-o,ppeulo,0.0,0.010056509384869282
ppeut-o,ppeuo,0.0,0.010056509384869265
ppeut-to,ppeutto,1.0,0.9883775504084472
ppeut-to,ppeujto,0.0,0.011372441845643936
ppeut-to,ppeulto,0.0,0.00012500387295441047
ppeut-to,ppeuto,0.0,0.00012500387295441025
ppeut-u,ppeutu,1.0,0.06497878321539963
ppeut-u,ppeuju,0.0,0.9149081980148618
ppeut-u,ppeulu,0.0,0.010056509384869282
ppeut-u,ppeuu,0.0,0.010056509384869265
ppeut-tu,ppeuttu,1.0,0.9883775504084472
ppeut-tu,ppeujtu,0.0,0.011372441845643936
ppeut-tu,ppeultu,0.0,0.00012500387295441047
ppeut-tu,ppeutu,0.0,0.00012500387295441025
goet-a,goeta,1.0,0.06497878321539963
goet-a,goeja,0.0,0.9149081980148618
goet-a,goela,0.0,0.010056509384869282
goet-a,goea,0.0,0.010056509384869265
goet-ta,goetta,1.0,0.9883775504084472
goet-ta,goejta,0.0,0.011372441845643936
goet-ta,goelta,0.0,0.00012500387295441047
goet-ta,goeta,0.0,0.00012500387295441025
goet-e,goete,1.0,0.06497878321539963
goet-e,goeje,0.0,0.9149081980148618
goet-e,goele,0.0,0.010056509384869282
goet-e,goee,0.0,0.010056509384869265
goet-te,goette,1.0,0.9883775504084472
goet-te,goejte,0.0,0.011372441845643936
goet-te,goelte,0.0,0.00012500387295441047
goet-te,goete,0.0,0.00012500387295441025
goet-i,goeti,1.0,0.06497878321539963
goet-i,goeji,0.0,0.9149081980148618
goet-i,goeli,0.0,0.010056509384869282
goet-i,goei,0.0,0.010056509384869265
goet-ti,goetti,1.0,0.9883775504084472
goet-ti,goejti,0.0,0.011372441845643936
goet-ti,goelti,0.0,0.00012500387295441047
goet-ti,goeti,0.0,0.00012500387295441025
goet-o,goeto,1.0,0.06497878321539963
goet-o,goejo,0.0,0.9149081980148618
goet-o,goelo,0.0,0.010056509384869282
goet-o,goeo,0.0,0.010056509384869265
goet-to,goetto,1.0,0.9883775504084472
goet-to,goejto,0.0,0.011372441845643936
goet-to,goelto,0.0,0.00012500387295441047
goet-to,goeto,0.0,0.00012500387295441025
goet-u,goetu,1.0,0.06497878321539963
goet-u,goeju,0.0,0.9149081980148618
goet-u,goelu,0.0,0.010056509384869282
goet-u,goeu,0.0,0.010056509384869265
goet-tu,goettu,1.0,0.9883775504084472
goet-tu,goejtu,0.0,0.011372441845643936
goet-tu,goeltu,0.0,0.00012500387295441047
goet-tu,goetu,0.0,0.00012500387295441025
jot-a,jota,1.0,0.06497878321539963
jot-a,joja,0.0,0.9149081980148618
jot-a,jola,0.0,0.010056509384869282
jot-a,joa,0.0,0.010056509384869265
jot-ta,jotta,1.0,0.9883775504084472
jot-ta,jojta,0.0,0.011372441845643936
jot-ta,jolta,0.0,0.00012500387295441047
jot-ta,jota,0.0,0.00012500387295441025
jot-e,jote,1.0,0.06497878321539963
jot-e,joje,0.0,0.9149081980148618
jot-e,jole,0.0,0.010056509384869282
jot-e,joe,0.0,0.010056509384869265
jot-te,jotte,1.0,0.9883775504084472
jot-te,jojte,0.0,0.011372441845643936
jot-te,jolte,0.0,0.00012500387295441047
jot-te,jote,0.0,0.00012500387295441025
jot-i,joti,1.0,0.06497878321539963
jot-i,joji,0.0,0.9149081980148618
jot-i,joli,0.0,0.010056509384869282
jot-i,joi,0.0,0.010056509384869265
jot-ti,jotti,1.0,0.9883775504084472
jot-ti,jojti,0.0,0.011372441845643936
jot-ti,jolti,0.0,0.00012500387295441047
jot-ti,joti,0.0,0.00012500387295441025
jot-o,joto,1.0,0.06497878321539963
jot-o,jojo,0.0,0.9149081980148618
jot-o,jolo,0.0,0.010056509384869282
jot-o,joo,0.0,0.010056509384869265
jot-to,jotto,1.0,0.9883775504084472
jot-to,jojto,0.0,0.011372441845643936
jot-to,jolto,0.0,0.00012500387295441047
jot-to,joto,0.0,0.00012500387295441025
jot-u,jotu,1.0,0.06497878321539963
jot-u,joju,0.0,0.9149081980148618
jot-u,jolu,0.0,0.010056509384869282
jot-u,jou,0.0,0.010056509384869265
jot-tu,jottu,1.0,0.9883775504084472
jot-tu,jojtu,0.0,0.011372441845643936
jot-tu,joltu,0.0,0.00012500387295441047
jot-tu,jotu,0.0,0.00012500387295441025
pput-a,pputa,1.0,0.06497878321539963
pput-a,ppuja,0.0,0.9149081980148618
pput-a,ppula,0.0,0.010056509384869282
pput-a,ppua,0.0,0.010056509384869265
pput-ta,pputta,1.0,0.9883775504084472
pput-ta,ppujta,0.0,0.011372441845643936
pput-ta,ppulta,0.0,0.00012500387295441047
pput-ta,pputa,0.0,0.00012500387295441025
pput-e,ppute,1.0,0.06497878321539963
pput-e,ppuje,0.0,0.9149081980148618
pput-e,ppule,0.0,0.010056509384869282
pput-e,ppue,0.0,0.010056509384869265
pput-te,pputte,1.0,0.9883775504084472
pput-te,ppujte,0.0,0.011372441845643936
pput-te,ppulte,0.0,0.00012500387295441047
pput-te,ppute,0.0,0.00012500387295441025
pput-i,pputi,1.0,0.06497878321539963
pput-i,ppuji,0.0,0.9149081980148618
pput-i,ppuli,0.0,0.010056509384869282
pput-i,ppui,0.0,0.010056509384869265
pput-ti,pputti,1.0,0.9883775504084472
pput-ti,ppujti,0.0,0.011372441845643936
pput-ti,ppulti,0.0,0.00012500387295441047
pput-ti,pputi,0.0,0.00012500387295441025
pput-o,pputo,1.0,0.06497878321539963
pput-o,ppujo,0.0,0.9149081980148618
pput-o,ppulo,0.0,0.010056509384869282
pput-o,ppuo,0.0,0.010056509384869265
pput-to,pputto,1.0,0.9883775504084472
pput-to,ppujto,0.0,0.011372441845643936
pput-to,ppulto,0.0,0.00012500387295441047
pput-to,pputo,0.0,0.00012500387295441025
pput-u,pputu,1.0,0.06497878321539963
pput-u,ppuju,0.0,0.9149081980148618
pput-u,ppulu,0.0,0.010056509384869282
pput-u,ppuu,0.0,0.010056509384869265
pput-tu,pputtu,1.0,0.9883775504084472
pput-tu,ppujtu,0.0,0.011372441845643936
pput-tu,ppultu,0.0,0.00012500387295441047
pput-tu,pputu,0.0,0.00012500387295441025
nat-a,nata,1.0,0.06497878321539963
nat-a,naja,0.0,0.9149081980148618
nat-a,nala,0.0,0.010056509384869282
nat-a,naa,0.0,0.010056509384869265
nat-ta,natta,1.0,0.9883775504084472
nat-ta,najta,0.0,0.011372441845643936
nat-ta,nalta,0.0,0.00012500387295441047
nat-ta,nata,0.0,0.00012500387295441025
nat-e,nate,1.0,0.06497878321539963
nat-e,naje,0.0,0.9149081980148618
nat-e,nale,0.0,0.010056509384869282
nat-e,nae,0.0,0.010056509384869265
nat-te,natte,1.0,0.9883775504084472
nat-te,najte,0.0,0.011372441845643936
nat-te,nalte,0.0,0.00012500387295441047
nat-te,nate,0.0,0.00012500387295441025
nat-i,nati,1.0,0.06497878321539963
nat-i,naji,0.0,0.9149081980148618
nat-i,nali,0.0,0.010056509384869282
nat-i,nai,0.0,0.010056509384869265
nat-ti,natti,1.0,0.9883775504084472
nat-ti,najti,0.0,0.011372441845643936
nat-ti,nalti,0.0,0.00012500387295441047
nat-ti,nati,0.0,0.00012500387295441025
nat-o,nato,1.0,0.06497878321539963
nat-o,najo,0.0,0.9149081980148618
nat-o,nalo,0.0,0.010056509384869282
nat-o,nao,0.0,0.010056509384869265
nat-to,natto,1.0,0.9883775504084472
nat-to,najto,0.0,0.011372441845643936
nat-to,nalto,0.0,0.00012500387295441047
nat-to,nato,0.0,0.00012500387295441025
nat-u,natu,1.0,0.06497878321539963
nat-u,naju,0.0,0.9149081980148618
nat-u,nalu,0.0,0.010056509384869282
nat-u,nau,0.0,0.010056509384869265
nat-tu,nattu,1.0,0.9883775504084472
nat-tu,najtu,0.0,0.011372441845643936
nat-tu,naltu,0.0,0.00012500387295441047
nat-tu,natu,0.0,0.00012500387295441025
kkut-a,kkuta,1.0,0.06497878321539963
kkut-a,kkuja,0.0,0.9149081980148618
kkut-a,kkula,0.0,0.010056509384869282
kkut-a,kkua,0.0,0.010056509384869265
kkut-ta,kkutta,1.0,0.9883775504084472
kkut-ta,kkujta,0.0,0.011372441845643936
kkut-ta,kkulta,0.0,0.00012500387295441047
kkut-ta,kkuta,0.0,0.00012500387295441025
kkut-e,kkute,1.0,0.06497878321539963
kkut-e,kkuje,0.0,0.9149081980148618
kkut-e,kkule,0.0,0.010056509384869282
kkut-e,kkue,0.0,0.010056509384869265
kkut-te,kkutte,1.0,0.9883775504084472
kkut-te,kkujte,0.0,0.011372441845643936
kkut-te,kkulte,0.0,0.00012500387295441047
kkut-te,kkute,0.0,0.00012500387295441025
kkut-i,kkuti,1.0,0.06497878321539963
kkut-i,kkuji,0.0,0.9149081980148618
kkut-i,kkuli,0.0,0.010056509384869282
kkut-i,kkui,0.0,0.010056509384869265
kkut-ti,kkutti,1.0,0.9883775504084472
kkut-ti,kkujti,0.0,0.011372441845643936
kkut-ti,kkulti,0.0,0.00012500387295441047
kkut-ti,kkuti,0.0,0.00012500387295441025
kkut-o,kkuto,1.0,0.06497878321539963
kkut-o,kkujo,0.0,0.9149081980148618
kkut-o,kkulo,0.0,0.010056509384869282
kkut-o,kkuo,0.0,0.010056509384869265
kkut-to,kkutto,1.0,0.9883775504084472
kkut-to,kkujto,0.0,0.011372441845643936
kkut-to,kkulto,0.0,0.00012500387295441047
kkut-to,kkuto,0.0,0.00012500387295441025
kkut-u,kkutu,1.0,0.06497878321539963
kkut-u,kkuju,0.0,0.9149081980148618
kkut-u,kkulu,0.0,0.010056509384869282
kkut-u,kkuu,0.0,0.010056509384869265
kkut-tu,kkuttu,1.0,0.9883775504084472
kkut-tu,kkujtu,0.0,0.011372441845643936
kkut-tu,kkultu,0.0,0.00012500387295441047
kkut-tu,kkutu,0.0,0.00012500387295441025
sit-a,sita,1.0,0.06497878321539963
sit-a,sija,0.0,0.9149081980148618
sit-a,sila,0.0,0.010056509384869282
sit-a,sia,0.0,0.010056509384869265
sit-ta,sitta,1.0,0.9883775504084472
sit-ta,sijta,0.0,0.011372441845643936
sit-ta,silta,0.0,0.00012500387295441047
sit-ta,sita,0.0,0.00012500387295441025
sit-e,site,1.0,0.06497878321539963
sit-e,sije,0.0,0.9149081980148618
sit-e,sile,0.0,0.010056509384869282
sit-e,sie,0.0,0.010056509384869265
sit-te,sitte,1.0,0.9883775504084472
sit-te,sijte,0.0,0.011372441845643936
sit-te,silte,0.0,0.00012500387295441047
sit-te,site,0.0,0.00012500387295441025
sit-i,siti,1.0,0.06497878321539963
sit-i,siji,0.0,0.9149081980148618
sit-i,sili,0.0,0.010056509384869282
sit-i,sii,0.0,0.010056509384869265
sit-ti,sitti,1.0,0.9883775504084472
sit-ti,sijti,0.0,0.011372441845643936
sit-ti,silti,0.0,0.00012500387295441047
sit-ti,siti,0.0,0.00012500387295441025
sit-o,sito,1.0,0.06497878321539963
sit-o,sijo,0.0,0.9149081980148618
sit-o,silo,0.0,0.010056509384869282
sit-o,sio,0.0,0.010056509384869265
sit-to,sitto,1.0,0.9883775504084472
sit-to,sijto,0.0,0.011372441845643936
sit-to,silto,0.0,0.00012500387295441047
sit-to,sito,0.0,0.00012500387295441025
sit-u,situ,1.0,0.06497878321539963
sit-u,siju,0.0,0.9149081980148618
sit-u,silu,0.0,0.010056509384869282
sit-u,siu,0.0,0.010056509384869265
sit-tu,sittu,1.0,0.9883775504084472
sit-tu,sijtu,0.0,0.011372441845643936
sit-tu,siltu,0.0,0.00012500387295441047
sit-tu,situ,0.0,0.00012500387295441025
ges-a,gesa,0.0,0.06497878321539963
ges-a,geja,0.0,0.9149081980148618
ges-a,gela,0.0,0.010056509384869282
ges-a,gea,1.0,0.010056509384869265
ges-ta,getta,1.0,0.9883775504084472
ges-ta,gejta,0.0,0.011372441845643936
ges-ta,gelta,0.0,0.00012500387295441047
ges-ta,geta,0.0,0.00012500387295441025
ges-e,gese,0.0,0.06497878321539963
ges-e,geje,0.0,0.9149081980148618
ges-e,gele,0.0,0.010056509384869282
ges-e,gee,1.0,0.010056509384869265
ges-te,gette,1.0,0.9883775504084472
ges-te,gejte,0.0,0.011372441845643936
ges-te,gelte,0.0,0.00012500387295441047
ges-te,gete,0.0,0.00012500387295441025
ges-i,gesi,0.0,0.06497878321539963
ges-i,geji,0.0,0.9149081980148618
ges-i,geli,0.0,0.010056509384869282
ges-i,gei,1.0,0.010056509384869265
ges-ti,getti,1.0,0.9883775504084472
ges-ti,gejti,0.0,0.011372441845643936
ges-ti,gelti,0.0,0.00012500387295441047
ges-ti,geti,0.0,0.00012500387295441025
ges-o,geso,0.0,0.06497878321539963
ges-o,gejo,0.0,0.9149081980148618
ges-o,gelo,0.0,0.010056509384869282
ges-o,geo,1.0,0.010056509384869265
ges-to,getto,1.0,0.9883775504084472
ges-to,gejto,0.0,0.011372441845643936
ges-to,gelto,0.0,0.00012500387295441047
ges-to,geto,0.0,0.00012500387295441025
ges-u,gesu,0.0,0.06497878321539963
ges-u,geju,0.0,0.9149081980148618
ges-u,gelu,0.0,0.010056509384869282
ges-u,geu,1.0,0.010056509384869265
ges-tu,gettu,1.0,0.9883775504084472
ges-tu,gejtu,0.0,0.011372441845643936
ges-tu,geltu,0.0,0.00012500387295441047
ges-tu,getu,0.0,0.00012500387295441025
kkaes-a,kkaesa,0.0,0.06497878321539963
kkaes-a,kkaeja,0.0,0.9149081980148618
kkaes-a,kkaela,0.0,0.010056509384869282
kkaes-a,kkaea,1.0,0.010056509384869265
kkaes-ta,kkaetta,1.0,0.9883775504084472
kkaes-ta,kkaejta,0.0,0.011372441845643936
kkaes-ta,kkaelta,0.0,0.00012500387295441047
kkaes-ta,kkaeta,0.0,0.00012500387295441025
kkaes-e,kkaese,0.0,0.06497878321539963
kkaes-e,kkaeje,0.0,0.9149081980148618
kkaes-e,kkaele,0.0,0.010056509384869282
kkaes-e,kkaee,1.0,0.010056509384869265
kkaes-te,kkaette,1.0,0.9883775504084472
kkaes-te,kkaejte,0.0,0.011372441845643936
kkaes-te,kkaelte,0.0,0.00012500387295441047
kkaes-te,kkaete,0.0,0.00012500387295441025
kkaes-i,kkaesi,0.0,0.06497878321539963
kkaes-i,kkaeji,0.0,0.9149081980148618
kkaes-i,kkaeli,0.0,0.010056509384869282
kkaes-i,kkaei,1.0,0.010056509384869265
kkaes-ti,kkaetti,1.0,0.9883775504084472
kkaes-ti,kkaejti,0.0,0.011372441845643936
kkaes-ti,kkaelti,0.0,0.00012500387295441047
kkaes-ti,kkaeti,0.0,0.00012500387295441025
kkaes-o,kkaeso,0.0,0.06497878321539963
kkaes-o,kkaejo,0.0,0.9149081980148618
kkaes-o,kkaelo,0.0,0.010056509384869282
kkaes-o,kkaeo,1.0,0.010056509384869265
kkaes-to,kkaetto,1.0,0.9883775504084472
kkaes-to,kkaejto,0.0,0.011372441845643936
kkaes-to,kkaelto,0.0,0.00012500387295441047
kkaes-to,kkaeto,0.0,0.00012500387295441025
kkaes-u,kkaesu,0.0,0.06497878321539963
kkaes-u,kkaeju,0.0,0.9149081980148618
kkaes-u,kkaelu,0.0,0.010056509384869282
kkaes-u,kkaeu,1.0,0.010056509384869265
kkaes-tu,kkaettu,1.0,0.9883775504084472
kkaes-tu,kkaejtu,0.0,0.011372441845643936
kkaes-tu,kkaeltu,0.0,0.00012500387295441047
kkaes-tu,kkaetu,0.0,0.00012500387295441025
hoes-a,hoesa,0.0,0.06497878321539963
hoes-a,hoeja,0.0,0.9149081980148618
hoes-a,hoela,0.0,0.010056509384869282
hoes-a,hoea,1.0,0.010056509384869265
hoes-ta,hoetta,1.0,0.9883775504084472
hoes-ta,hoejta,0.0,0.011372441845643936
hoes-ta,hoelta,0.0,0.00012500387295441047
hoes-ta,hoeta,0.0,0.00012500387295441025
hoes-e,hoese,0.0,0.06497878321539963
hoes-e,hoeje,0.0,0.9149081980148618
hoes-e,hoele,0.0,0.010056509384869282
hoes-e,hoee,1.0,0.010056509384869265
hoes-te,hoette,1.0,0.9883775504084472
hoes-te,hoejte,0.0,0.011372441845643936
hoes-te,hoelte,0.0,0.00012500387295441047
hoes-te,hoete,0.0,0.00012500387295441025
hoes-i,hoesi,0.0,0.06497878321539963
hoes-i,hoeji,0.0,0.9149081980148618
hoes-i,hoeli,0.0,0.010056509384869282
hoes-i,hoei,1.0,0.010056509384869265
hoes-ti,hoetti,1.0,0.9883775504084472
hoes-ti,hoejti,0.0,0.011372441845643936
hoes-ti,hoelti,0.0,0.00012500387295441047
hoes-ti,hoeti,0.0,0.00012500387295441025
hoes-o,hoeso,0.0,0.06497878321539963
hoes-o,hoejo,0.0,0.9149081980148618
hoes-o,hoelo,0.0,0.010056509384869282
hoes-o,hoeo,1.0,0.010056509384869265
hoes-to,hoetto,1.0,0.9883775504084472
hoes-to,hoejto,0.0,0.011372441845643936
hoes-to,hoelto,0.0,0.00012500387295441047
hoes-to,hoeto,0.0,0.00012500387295441025
hoes-u,hoesu,0.0,0.06497878321539963
hoes-u,hoeju,0.0,0.9149081980148618
hoes-u,hoelu,0.0,0.010056509384869282
hoes-u,hoeu,1.0,0.010056509384869265
hoes-tu,hoettu,1.0,0.9883775504084472
hoes-tu,hoejtu,0.0,0.011372441845643936
hoes-tu,hoeltu,0.0,0.00012500387295441047
hoes-tu,hoetu,0.0,0.00012500387295441025
koes-a,koesa,0.0,0.06497878321539963
koes-a,koeja,0.0,0.9149081980148618
koes-a,koela,0.0,0.010056509384869282
koes-a,koea,1.0,0.010056509384869265
koes-ta,koetta,1.0,0.9883775504084472
koes-ta,koejta,0.0,0.011372441845643936
koes-ta,koelta,0.0,0.00012500387295441047
koes-ta,koeta,0.0,0.00012500387295441025
koes-e,koese,0.0,0.06497878321539963
koes-e,koeje,0.0,0.9149081980148618
koes-e,koele,0.0,0.010056509384869282
koes-e,koee,1.0,0.010056509384869265
koes-te,koette,1.0,0.9883775504084472
koes-te,koejte,0.0,0.011372441845643936
koes-te,koelte,0.0,0.00012500387295441047
koes-te,koete,0.0,0.00012500387295441025
koes-i,koesi,0.0,0.06497878321539963
koes-i,koeji,0.0,0.9149081980148618
koes-i,koeli,0.0,0.010056509384869282
koes-i,koei,1.0,0.010056509384869265
koes-ti,koetti,1.0,0.9883775504084472
koes-ti,koejti,0.0,0.011372441845643936
koes-ti,koelti,0.0,0.00012500387295441047
koes-ti,koeti,0.0,0.00012500387295441025
koes-o,koeso,0.0,0.06497878321539963
koes-o,koejo,0.0,0.9149081980148618
koes-o,koelo,0.0,0.010056509384869282
koes-o,koeo,1.0,0.010056509384869265
koes-to,koetto,1.0,0.9883775504084472
koes-to,koejto,0.0,0.011372441845643936
koes-to,koelto,0.0,0.00012500387295441047
koes-to,koeto,0.0,0.00012500387295441025
koes-u,koesu,0.0,0.06497878321539963
koes-u,koeju,0.0,0.9149081980148618
koes-u,koelu,0.0,0.010056509384869282
koes-u,koeu,1.0,0.010056509384869265
koes-tu,koettu,1.0,0.9883775504084472
koes-tu,koejtu,0.0,0.011372441845643936
koes-tu,koeltu,0.0,0.00012500387295441047
koes-tu,koetu,0.0,0.00012500387295441025
nos-a,nosa,0.0,0.06497878321539963
nos-a,noja,0.0,0.9149081980148618
nos-a,nola,0.0,0.010056509384869282
nos-a,noa,1.0,0.010056509384869265
nos-ta,notta,1.0,0.9883775504084472
nos-ta,nojta,0.0,0.011372441845643936
nos-ta,nolta,0.0,0.00012500387295441047
nos-ta,nota,0.0,0.00012500387295441025
nos-e,nose,0.0,0.06497878321539963
nos-e,noje,0.0,0.9149081980148618
nos-e,nole,0.0,0.010056509384869282
nos-e,noe,1.0,0.010056509384869265
nos-te,notte,1.0,0.9883775504084472
nos-te,nojte,0.0,0.011372441845643936
nos-te,nolte,0.0,0.00012500387295441047
nos-te,note,0.0,0.00012500387295441025
nos-i,nosi,0.0,0.06497878321539963
nos-i,noji,0.0,0.9149081980148618
nos-i,noli,0.0,0.010056509384869282
nos-i,noi,1.0,0.010056509384869265
nos-ti,notti,1.0,0.9883775504084472
nos-ti,nojti,0.0,0.011372441845643936
nos-ti,nolti,0.0,0.00012500387295441047
nos-ti,noti,0.0,0.00012500387295441025
nos-o,noso,0.0,0.06497878321539963
nos-o,nojo,0.0,0.9149081980148618
nos-o,nolo,0.0,0.010056509384869282
nos-o,noo,1.0,0.010056509384869265
nos-to,notto,1.0,0.9883775504084472
nos-to,nojto,0.0,0.011372441845643936
nos-to,nolto,0.0,0.00012500387295441047
nos-to,noto,0.0,0.00012500387295441025
nos-u,nosu,0.0,0.06497878321539963
nos-u,noju,0.0,0.9149081980148618
nos-u,nolu,0.0,0.010056509384869282
nos-u,nou,1.0,0.010056509384869265
nos-tu,nottu,1.0,0.9883775504084472
nos-tu,nojtu,0.0,0.011372441845643936
nos-tu,noltu,0.0,0.00012500387295441047
nos-tu,notu,0.0,0.00012500387295441025
poes-a,poesa,1.0,0.06497878321539963
poes-a,poeja,0.0,0.9149081980148618
poes-a,poela,0.0,0.010056509384869282
poes-a,poea,0.0,0.010056509384869265
poes-ta,poetta,1.0,0.9883775504084472
poes-ta,poejta,0.0,0.011372441845643936
poes-ta,poelta,0.0,0.00012500387295441047
poes-ta,poeta,0.0,0.00012500387295441025
poes-e,poese,1.0,0.06497878321539963
poes-e,poeje,0.0,0.9149081980148618
poes-e,poele,0.0,0.010056509384869282
poes-e,poee,0.0,0.010056509384869265
poes-te,poette,1.0,0.9883775504084472
poes-te,poejte,0.0,0.011372441845643936
poes-te,poelte,0.0,0.00012500387295441047
poes-te,poete,0.0,0.00012500387295441025
poes-i,poesi,1.0,0.06497878321539963
poes-i,poeji,0.0,0.9149081980148618
poes-i,poeli,0.0,0.010056509384869282
poes-i,poei,0.0,0.010056509384869265
poes-ti,poetti,1.0,0.9883775504084472
poes-ti,poejti,0.0,0.011372441845643936
poes-ti,poelti,0.0,0.00012500387295441047
poes-ti,poeti,0.0,0.00012500387295441025
poes-o,poeso,1.0,0.06497878321539963
poes-o,poejo,0.0,0.9149081980148618
poes-o,poelo,0.0,0.010056509384869282
poes-o,poeo,0.0,0.010056509384869265
poes-to,poetto,1.0,0.9883775504084472
poes-to,poejto,0.0,0.011372441845643936
poes-to,poelto,0.0,0.00012500387295441047
poes-to,poeto,0.0,0.00012500387295441025
poes-u,poesu,1.0,0.06497878321539963
poes-u,poeju,0.0,0.9149081980148618
poes-u,poelu,0.0,0.010056509384869282
poes-u,poeu,0.0,0.010056509384869265
poes-tu,poettu,1.0,0.9883775504084472
poes-tu,poejtu,0.0,0.011372441845643936
poes-tu,poeltu,0.0,0.00012500387295441047
poes-tu,poetu,0.0,0.00012500387295441025
meos-a,meosa,1.0,0.06497878321539963
meos-a,meoja,0.0,0.9149081980148618
meos-a,meola,0.0,0.010056509384869282
meos-a,meoa,0.0,0.010056509384869265
meos-ta,meotta,1.0,0.9883775504084472
meos-ta,meojta,0.0,0.011372441845643936
meos-ta,meolta,0.0,0.00012500387295441047
meos-ta,meota,0.0,0.00012500387295441025
meos-e,meose,1.0,0.06497878321539963
meos-e,meoje,0.0,0.9149081980148618
meos-e,meole,0.0,0.010056509384869282
meos-e,meoe,0.0,0.010056509384869265
meos-te,meotte,1.0,0.9883775504084472
meos-te,meojte,0.0,0.011372441845643936
meos-te,meolte,0.0,0.00012500387295441047
meos-te,meote,0.0,0.00012500387295441025
meos-i,meosi,1.0,0.06497878321539963
meos-i,meoji,0.0,0.9149081980148618
meos-i,meoli,0.0,0.010056509384869282
meos-i,meoi,0.0,0.010056509384869265
meos-ti,meotti,1.0,0.9883775504084472
meos-ti,meojti,0.0,0.011372441845643936
meos-ti,meolti,0.0,0.00012500387295441047
meos-ti,meoti,0.0,0.00012500387295441025
meos-o,meoso,1.0,0.06497878321539963
meos-o,meojo,0.0,0.9149081980148618
meos-o,meolo,0.0,0.010056509384869282
meos-o,meoo,0.0,0.010056509384869265
meos-to,meotto,1.0,0.9883775504084472
meos-to,meojto,0.0,0.011372441845643936
meos-to,meolto,0.0,0.00012500387295441047
meos-to,meoto,0.0,0.00012500387295441025
meos-u,meosu,1.0,0.06497878321539963
meos-u,meoju,0.0,0.9149081980148618
meos-u,meolu,0.0,0.010056509384869282
meos-u,meou,0.0,0.010056509384869265
meos-tu,meottu,1.0,0.9883775504084472
meos-tu,meojtu,0.0,0.011372441845643936
meos-tu,meoltu,0.0,0.00012500387295441047
meos-tu,meotu,0.0,0.00012500387295441025
jjaes-a,jjaesa,1.0,0.06497878321539963
jjaes-a,jjaeja,0.0,0.9149081980148618
jjaes-a,jjaela,0.0,0.010056509384869282
jjaes-a,jjaea,0.0,0.010056509384869265
jjaes-ta,jjaetta,1.0,0.9883775504084472
jjaes-ta,jjaejta,0.0,0.011372441845643936
jjaes-ta,jjaelta,0.0,0.00012500387295441047
jjaes-ta,jjaeta,0.0,0.00012500387295441025
jjaes-e,jjaese,1.0,0.06497878321539963
jjaes-e,jjaeje,0.0,0.9149081980148618
jjaes-e,jjaele,0.0,0.010056509384869282
jjaes-e,jjaee,0.0,0.010056509384869265
jjaes-te,jjaette,1.0,0.9883775504084472
jjaes-te,jjaejte,0.0,0.011372441845643936
jjaes-te,jjaelte,0.0,0.00012500387295441047
jjaes-te,jjaete,0.0,0.00012500387295441025
jjaes-i,jjaesi,1.0,0.06497878321539963
jjaes-i,jjaeji,0.0,0.9149081980148618
jjaes-i,jjaeli,0.0,0.010056509384869282
jjaes-i,jjaei,0.0,0.010056509384869265
jjaes-ti,jjaetti,1.0,0.9883775504084472
jjaes-ti,jjaejti,0.0,0.011372441845643936
jjaes-ti,jjaelti,0.0,0.00012500387295441047
jjaes-ti,jjaeti,0.0,0.00012500387295441025
jjaes-o,jjaeso,1.0,0.06497878321539963
jjaes-o,jjaejo,0.0,0.9149081980148618
jjaes-o,jjaelo,0.0,0.010056509384869282
jjaes-o,jjaeo,0.0,0.010056509384869265
jjaes-to,jjaetto,1.0,0.9883775504084472
jjaes-to,jjaejto,0.0,0.011372441845643936
jjaes-to,jjaelto,0.0,0.00012500387295441047
jjaes-to,jjaeto,0.0,0.00012500387295441025
jjaes-u,jjaesu,1.0,0.06497878321539963
jjaes-u,jjaeju,0.0,0.9149081980148618
jjaes-u,jjaelu,0.0,0.010056509384869282
jjaes-u,jjaeu,0.0,0.010056509384869265
jjaes-tu,jjaettu,1.0,0.9883775504084472
jjaes-tu,jjaejtu,0.0,0.011372441845643936
jjaes-tu,jjaeltu,0.0,0.00012500387295441047
jjaes-tu,jjaetu,0.0,0.00012500387295441025
ches-a,chesa,1.0,0.06497878321539963
ches-a,cheja,0.0,0.9149081980148618
ches-a,chela,0.0,0.010056509384869282
ches-a,chea,0.0,0.010056509384869265
ches-ta,chetta,1.0,0.9883775504084472
ches-ta,chejta,0.0,0.011372441845643936
ches-ta,chelta,0.0,0.00012500387295441047
ches-ta,cheta,0.0,0.00012500387295441025
ches-e,chese,1.0,0.06497878321539963
ches-e,cheje,0.0,0.9149081980148618
ches-e,chele,0.0,0.010056509384869282
ches-e,chee,0.0,0.010056509384869265
ches-te,chette,1.0,0.9883775504084472
ches-te,chejte,0.0,0.011372441845643936
ches-te,chelte,0.0,0.00012500387295441047
ches-te,chete,0.0,0.00012500387295441025
ches-i,chesi,1.0,0.06497878321539963
ches-i,cheji,0.0,0.9149081980148618
ches-i,cheli,0.0,0.010056509384869282
ches-i,chei,0.0,0.010056509384869265
ches-ti,chetti,1.0,0.9883775504084472
ches-ti,chejti,0.0,0.011372441845643936
ches-ti,chelti,0.0,0.00012500387295441047
ches-ti,cheti,0.0,0.00012500387295441025
ches-o,cheso,1.0,0.06497878321539963
ches-o,chejo,0.0,0.9149081980148618
ches-o,chelo,0.0,0.010056509384869282
ches-o,cheo,0.0,0.010056509384869265
ches-to,chetto,1.0,0.9883775504084472
ches-to,chejto,0.0,0.011372441845643936
ches-to,chelto,0.0,0.00012500387295441047
ches-to,cheto,0.0,0.00012500387295441025
ches-u,chesu,1.0,0.06497878321539963
ches-u,cheju,0.0,0.9149081980148618
ches-u,chelu,0.0,0.010056509384869282
ches-u,cheu,0.0,0.010056509384869265
ches-tu,chettu,1.0,0.9883775504084472
ches-tu,chejtu,0.0,0.011372441845643936
ches-tu,cheltu,0.0,0.00012500387295441047
ches-tu,chetu,0.0,0.00012500387295441025
